word_id,topic,term,record,built_ids,source_location,kind,form,ja,en,meaning,def_ja,definition_review,target_ruby,char_hints,form_count,mask_count,ruby_reconstructs,language_result,language_notes,word_level_result,word_level_notes,site_asserted,url_asserted,licence_asserted,source_owner_verification,rights_result
km-064,m01-money,財政,S1,km-064-1,decks/kotoba-mine/source/review/b2.json:56,example-bank,財政,財政赤字の削減が政府の大きな関心事である。,Reducing the budget deficit is a major concern for the government.,public finances,国や自治体のお金のやりくり。,P2/P3 time-relative old news and names; S3 economic assertion stated as fact,"[[""財政"", ""ざいせい"", 1]]",[],1,1,True,no additional critical defect found in sampled language review,,concern,P2/P3 time-relative old news and names; S3 economic assertion stated as fact,例文集（Tanaka/SNOW）,,CC BY 2.0 FR,asserted metadata; original wording or source-page equality not independently checked,concern: public-release rights/attribution not completely demonstrated
km-064,m01-money,財政,S2,km-064-2,decks/kotoba-mine/source/review/b2.json:60,example-bank,財政,多くの先進国が財政危機に直面している。,Many developed countries are facing fiscal crises.,public finances,国や自治体のお金のやりくり。,P2/P3 time-relative old news and names; S3 economic assertion stated as fact,"[[""財政"", ""ざいせい"", 1]]",[],1,1,True,no additional critical defect found in sampled language review,,concern,P2/P3 time-relative old news and names; S3 economic assertion stated as fact,例文集（Tanaka/SNOW）,,CC BY 2.0 FR,asserted metadata; original wording or source-page equality not independently checked,concern: public-release rights/attribution not completely demonstrated
km-064,m01-money,財政,S3,km-064-3,decks/kotoba-mine/source/review/b2.json:64,gov,財政,財政を改善するには、歳出削減、増税、インフレの3つしか手段はない。,"There are only three ways to improve public finances: cutting spending, raising taxes, or inflation.",public finances,国や自治体のお金のやりくり。,P2/P3 time-relative old news and names; S3 economic assertion stated as fact,"[[""財政"", ""ざいせい"", 1]]",[],1,1,True,no additional critical defect found in sampled language review,,concern,P2/P3 time-relative old news and names; S3 economic assertion stated as fact,rieti.go.jp,https://www.rieti.go.jp/jp/papers/contribution/kobayashi/21.html,web quotation (personal study),asserted metadata; original wording or source-page equality not independently checked,concern: public-release rights/attribution not completely demonstrated
km-064,m01-money,財政,P1,km-064-m01;km-064-m02;km-064-m03,decks/kotoba-mine/source/mcd/preview.json:4,original,財政,人口が減り、税収も年々落ち込んでいる。市の財政はすでに限界に近く、来年度は図書館の開館日を減らすことになった。,"The population is shrinking and tax revenue falls every year. The city's finances are already near breaking point, and next year the library will open on fewer days.",public finances,国や自治体のお金のやりくり。,P2/P3 time-relative old news and names; S3 economic assertion stated as fact,"[[""財政"", ""ざいせい"", 1]]","[[""km-064-m02"", ""ざい""], [""km-064-m03"", ""せい""]]",1,1,True,no additional critical defect found in sampled language review,,concern,P2/P3 time-relative old news and names; S3 economic assertion stated as fact,書き下ろし（このデッキ用）,,Bunki original,asserted metadata; original wording or source-page equality not independently checked,"original label, authorship provenance not independently verified"
km-064,m01-money,財政,P2,km-064-m04,decks/kotoba-mine/source/mcd/preview.json:10,news,財政,昨年9月に読売グループがチームの経営撤退を表明、今年6月には、遂にJリーグ主導によるクラブ運営へと切り替わることになった東京ヴェルディ。現在も財政難は続き、クラブ消滅の危機にあることに変わりはない。,"Tokyo Verdy: last September the Yomiuri group announced it was pulling out of running the team, and in June the club finally switched to being run under the J.League's direction. Its financial troubles continue, and the club is still in danger of folding.",public finances,国や自治体のお金のやりくり。,P2/P3 time-relative old news and names; S3 economic assertion stated as fact,"[[""財政"", ""ざいせい"", 1]]",[],1,1,True,no additional critical defect found in sampled language review,,concern,P2/P3 time-relative old news and names; S3 economic assertion stated as fact,livedoor ニュース／Sports Watch,http://news.livedoor.com/article/detail/4935827/,CC BY-ND 2.1 JP (livedoor),asserted metadata; original wording or source-page equality not independently checked,concern: public-release rights/attribution not completely demonstrated
km-064,m01-money,財政,P3,km-064-m05,decks/kotoba-mine/source/mcd/preview.json:14,news,財政,ギリシャをはじめとする南欧諸国の財政赤字から、「ソブリン（国家債務）危機」が言われている。日本や米国も同様で、マスコミは「このままでは日本はギリシャの二の舞」と書きたて野田内閣は消費税増税を打ち出している。,"Starting with Greece, the budget deficits of southern European countries have led people to speak of a 'sovereign debt crisis'. Japan and the US are in the same position; the media write that 'at this rate Japan will go the way of Greece', and the Noda cabinet has announced a consumption-tax rise.",public finances,国や自治体のお金のやりくり。,P2/P3 time-relative old news and names; S3 economic assertion stated as fact,"[[""財政"", ""ざいせい"", 1]]",[],1,1,True,no additional critical defect found in sampled language review,,concern,P2/P3 time-relative old news and names; S3 economic assertion stated as fact,livedoor ニュース／ITライフハック,http://news.livedoor.com/article/detail/6465990/,CC BY-ND 2.1 JP (livedoor),asserted metadata; original wording or source-page equality not independently checked,concern: public-release rights/attribution not completely demonstrated
km-109,m01-money,金利,S1,km-109-1,decks/kotoba-mine/source/review/b2.json:104,example-bank,金利,金利が低下したので銀行貸し出しが増加している。,Bank lending is rising because interest rates have fallen.,interest rate,お金を貸し借りするときの利息の割合。,P2 repeats 金利; P1 ignores fixed-rate loans; P3 fragments,"[[""金利"", ""きんり"", 1]]",[],1,1,True,no additional critical defect found in sampled language review,,concern,P2 repeats 金利; P1 ignores fixed-rate loans; P3 fragments,例文集（Tanaka/SNOW）,,CC BY 4.0,asserted metadata; original wording or source-page equality not independently checked,concern: public-release rights/attribution not completely demonstrated
km-109,m01-money,金利,S2,km-109-2,decks/kotoba-mine/source/review/b2.json:108,company,金利,2024年3月のマイナス金利解除以降、住宅ローン金利は上昇傾向にあります。,"Since negative interest rates were lifted in March 2024, mortgage rates have been trending upward.",interest rate,お金を貸し借りするときの利息の割合。,P2 repeats 金利; P1 ignores fixed-rate loans; P3 fragments,"[[""金利"", ""きんり"", 1]]",[],2,1,True,concern,Target occurs twice; only first gap masked.,concern,P2 repeats 金利; P1 ignores fixed-rate loans; P3 fragments,resonabank.co.jp,https://www.resonabank.co.jp/kojin/column/jutaku/column_0036.html,web quotation (personal study),asserted metadata; original wording or source-page equality not independently checked,concern: public-release rights/attribution not completely demonstrated
km-109,m01-money,金利,P1,km-109-m01;km-109-m02;km-109-m03,decks/kotoba-mine/source/mcd/preview.json:20,original,金利,中央銀行が金利を引き上げると、住宅ローンの返済額も増える。家を買う予定のある人にとって、決して他人事ではない。,"When the central bank raises interest rates, mortgage repayments go up too. For anyone planning to buy a home, it is anything but someone else's problem.",interest rate,お金を貸し借りするときの利息の割合。,P2 repeats 金利; P1 ignores fixed-rate loans; P3 fragments,"[[""金利"", ""きんり"", 1]]","[[""km-109-m02"", ""きん""], [""km-109-m03"", ""り""]]",1,1,True,no additional critical defect found in sampled language review,,concern,P2 repeats 金利; P1 ignores fixed-rate loans; P3 fragments,書き下ろし（このデッキ用）,,Bunki original,asserted metadata; original wording or source-page equality not independently checked,"original label, authorship provenance not independently verified"
km-109,m01-money,金利,P2,km-109-m04,decks/kotoba-mine/source/mcd/preview.json:26,news,金利,なぜ７％なのか？複利計算では、７％（正確には7.18％）の金利だと、10年で２倍になるからである。たとえば、100万円を7.18％の金利で借りると、10年後には200万500円になる。,"Why 7%? Because in compound-interest terms, at a 7% (strictly 7.18%) interest rate, money doubles in ten years. For example, if you borrow one million yen at 7.18% interest, after ten years you owe 2,000,500 yen.",interest rate,お金を貸し借りするときの利息の割合。,P2 repeats 金利; P1 ignores fixed-rate loans; P3 fragments,"[[""金利"", ""きんり"", 1]]",[],2,1,True,concern,Second visible 金利 gives answer to the first gap.,concern,P2 repeats 金利; P1 ignores fixed-rate loans; P3 fragments,livedoor ニュース／ITライフハック,http://news.livedoor.com/article/detail/6478741/,CC BY-ND 2.1 JP (livedoor),asserted metadata; original wording or source-page equality not independently checked,concern: public-release rights/attribution not completely demonstrated
km-109,m01-money,金利,P3,km-109-m05,decks/kotoba-mine/source/mcd/preview.json:30,news,金利,実は住宅業界的に2010年は“史上空前の当たり年”といわれていたそう。超低金利に加え住宅減税の優遇制度が延長と拡大。さらには住宅ローン減税や贈与税の特例といった制度も適用された。,"In fact, 2010 was said in the housing industry to be 'an unprecedented bumper year'. On top of ultra-low interest rates, the preferential housing tax cuts were extended and expanded, and mortgage tax breaks and special gift-tax rules applied as well.",interest rate,お金を貸し借りするときの利息の割合。,P2 repeats 金利; P1 ignores fixed-rate loans; P3 fragments,"[[""金利"", ""きんり"", 1]]",[],1,1,True,no additional critical defect found in sampled language review,,concern,P2 repeats 金利; P1 ignores fixed-rate loans; P3 fragments,livedoor ニュース／独女通信,http://news.livedoor.com/article/detail/5871774/,CC BY-ND 2.1 JP (livedoor),asserted metadata; original wording or source-page equality not independently checked,concern: public-release rights/attribution not completely demonstrated
km-115,m01-money,単利,S1,km-115-1,decks/kotoba-mine/source/review/a2.json:148,company,単利,たとえば、100万円を年利1％の単利で運用する場合、毎年の利息は1万円となります。,"For example, if you invest one million yen at 1% simple interest a year, the interest is 10,000 yen every year.",simple interest,最初のお金だけに利息をつける計算。,Definition and numerical example pass; P2 only one sentence,"[[""単利"", ""たんり"", 1]]",[],1,1,True,no additional critical defect found in sampled language review,,concern,Definition and numerical example pass; P2 only one sentence,www.77bank.co.jp,https://www.77bank.co.jp/financial-column/article58.html,web quotation (personal study),asserted metadata; original wording or source-page equality not independently checked,concern: public-release rights/attribution not completely demonstrated
km-115,m01-money,単利,P1,km-115-m01;km-115-m02;km-115-m03,decks/kotoba-mine/source/mcd/s3.json:296,original,単利,単利では、最初に預けた元本にだけ利息がつく。一方の複利は、ついた利息にもさらに利息がつく仕組みだ。期間が短いうちは差は小さいが、十年、二十年と続けば受け取る額は大きく変わってくる。,"With simple interest, interest is paid only on the principal you first deposited. Compound interest, by contrast, pays interest on the interest as well. Over a short period the difference is small, but over ten or twenty years the amount you receive differs greatly.",simple interest,最初のお金だけに利息をつける計算。,Definition and numerical example pass; P2 only one sentence,"[[""単利"", ""たんり"", 1]]","[[""km-115-m02"", ""たん""], [""km-115-m03"", ""り""]]",1,1,True,no additional critical defect found in sampled language review,,concern,Definition and numerical example pass; P2 only one sentence,書き下ろし（このデッキ用）,,Bunki original,asserted metadata; original wording or source-page equality not independently checked,"original label, authorship provenance not independently verified"
km-115,m01-money,単利,P2,km-115-m04,decks/kotoba-mine/source/mcd/s3.json:302,company,単利,たとえば、100万円を年利1％の単利で運用する場合、毎年の利息は1万円となります。,"For example, if you invest 1 million yen at 1% annual simple interest, the interest each year is 10,000 yen.",simple interest,最初のお金だけに利息をつける計算。,Definition and numerical example pass; P2 only one sentence,"[[""単利"", ""たんり"", 1]]",[],1,1,True,no additional critical defect found in sampled language review,,concern,Definition and numerical example pass; P2 only one sentence,www.77bank.co.jp,https://www.77bank.co.jp/financial-column/article58.html,web quotation (personal study),asserted metadata; original wording or source-page equality not independently checked,concern: public-release rights/attribution not completely demonstrated
km-115,m01-money,単利,P3,km-115-m05,decks/kotoba-mine/source/mcd/s3.json:306,original,単利,友人に十万円を貸すとき、年五パーセントの単利で利息をつけると取り決めた。三年後に返してもらう額は、利息一万五千円を足して十一万五千円になる。,"When I lent a friend 100,000 yen, we agreed on 5% simple interest per year. The amount to be repaid after three years is 115,000 yen, adding 15,000 yen in interest.",simple interest,最初のお金だけに利息をつける計算。,Definition and numerical example pass; P2 only one sentence,"[[""単利"", ""たんり"", 1]]",[],1,1,True,no additional critical defect found in sampled language review,,concern,Definition and numerical example pass; P2 only one sentence,書き下ろし（このデッキ用）,,Bunki original,asserted metadata; original wording or source-page equality not independently checked,"original label, authorship provenance not independently verified"
km-258,m01-money,費え,S1,km-258-1,decks/kotoba-mine/source/review/a1.json:266,blog,費え,軍隊、帝室の費えがすべてこれで賄えるのか。,Can this really cover all the expenses of the army and the imperial household?,wasteful expense,むだに出ていくお金や手間。,S1 unnamed これ and generic expense conflicts wasteful-only gloss; P2 generic additional expense,"[[""費え"", ""ついえ"", 1]]",[],1,1,True,no additional critical defect found in sampled language review,,concern,S1 unnamed これ and generic expense conflicts wasteful-only gloss; P2 generic additional expense,note.com,https://note.com/tanahashi/n/n32fbb3d63509,web quotation (personal study),asserted metadata; original wording or source-page equality not independently checked,concern: public-release rights/attribution not completely demonstrated
km-258,m01-money,費え,S2,km-258-2,decks/kotoba-mine/source/review/a1.json:270,original,費え,長引く工事は町にとって大きな費えとなった。,The drawn-out construction turned into a heavy waste of money for the town.,wasteful expense,むだに出ていくお金や手間。,S1 unnamed これ and generic expense conflicts wasteful-only gloss; P2 generic additional expense,"[[""費え"", ""ついえ"", 1]]",[],1,1,True,no additional critical defect found in sampled language review,,concern,S1 unnamed これ and generic expense conflicts wasteful-only gloss; P2 generic additional expense,書き下ろし（このデッキ用）,,Bunki original,asserted metadata; original wording or source-page equality not independently checked,"original label, authorship provenance not independently verified"
km-258,m01-money,費え,P1,km-258-m01;km-258-m02,decks/kotoba-mine/source/mcd/s1.json:716,original,費え,見栄のために建てられた豪華な庁舎は、町にとって大きな費えでしかなかった。維持費ばかりがかさみ、肝心の道路や学校の修繕は後回しにされ続けた。住民の不満が噴き出したのは、次の選挙のときだった。,"The lavish town hall built for show was nothing but a heavy waste of money for the town. The upkeep costs kept piling up, while the roads and schools that really needed repair were put off again and again. Residents' anger finally boiled over at the next election.",wasteful expense,むだに出ていくお金や手間。,S1 unnamed これ and generic expense conflicts wasteful-only gloss; P2 generic additional expense,"[[""費え"", ""ついえ"", 1]]","[[""km-258-m02"", ""つい""]]",1,1,True,no additional critical defect found in sampled language review,,concern,S1 unnamed これ and generic expense conflicts wasteful-only gloss; P2 generic additional expense,書き下ろし（このデッキ用）,,Bunki original,asserted metadata; original wording or source-page equality not independently checked,"original label, authorship provenance not independently verified"
km-258,m01-money,費え,P2,km-258-m03,decks/kotoba-mine/source/mcd/s1.json:722,literature,費え,わたしたちはよく牛を買うときに詐欺に会う話を聞いていた。そういう危険をおかしたくはなかった。獣医をたのむことはよけいな費えではあろうけれど、どうもほかにしかたがなかった。,"We had often heard stories of people being swindled when buying cows. We did not want to take that risk. Calling in a vet would no doubt be an extra expense, but there seemed nothing else for it.",wasteful expense,むだに出ていくお金や手間。,S1 unnamed これ and generic expense conflicts wasteful-only gloss; P2 generic additional expense,"[[""費え"", ""ついえ"", 1]]",[],1,1,True,no additional critical defect found in sampled language review,,concern,S1 unnamed これ and generic expense conflicts wasteful-only gloss; P2 generic additional expense,青空文庫『家なき子』SANS FAMILLE,https://www.aozora.gr.jp/cards/001047/,public domain (Aozora Bunko),asserted metadata; original wording or source-page equality not independently checked,concern: public-release rights/attribution not completely demonstrated
km-258,m01-money,費え,P3,km-258-m04,decks/kotoba-mine/source/mcd/s1.json:726,original,費え,祖母は昔から、無駄な費えを何より嫌った。破れた靴下は繕い、包装紙はきれいに畳んでしまっておく。そうして少しずつ蓄えたお金で、孫たちの学費を援助してくれたのだ。,"My grandmother always hated needless expense more than anything. She darned torn socks and folded wrapping paper neatly to keep. With the money she saved bit by bit that way, she helped pay for her grandchildren's schooling.",wasteful expense,むだに出ていくお金や手間。,S1 unnamed これ and generic expense conflicts wasteful-only gloss; P2 generic additional expense,"[[""費え"", ""ついえ"", 1]]",[],1,1,True,no additional critical defect found in sampled language review,,concern,S1 unnamed これ and generic expense conflicts wasteful-only gloss; P2 generic additional expense,書き下ろし（このデッキ用）,,Bunki original,asserted metadata; original wording or source-page equality not independently checked,"original label, authorship provenance not independently verified"
km-262,m01-money,逸失利益,S1,km-262-1,decks/kotoba-mine/source/review/a2.json:274,qa,逸失利益,事故後の減収がないのですが、逸失利益は認められるのでしょうか？,My income hasn't dropped since the accident; can I still be awarded lost earnings?,lost earnings,事故などがなければ得られたはずの収入。,Definition narrows lost profits to income; P1 legal claim needs dated primary source,"[[""逸失利益"", ""いっしつりえき"", 1]]",[],1,1,True,no additional critical defect found in sampled language review,,concern,Definition narrows lost profits to income; P1 legal claim needs dated primary source,takatsukilaw-kotsujiko.com,https://takatsukilaw-kotsujiko.com/qa/42-2,web quotation (personal study),asserted metadata; original wording or source-page equality not independently checked,concern: public-release rights/attribution not completely demonstrated
km-262,m01-money,逸失利益,P1,km-262-m01;km-262-m02;km-262-m03;km-262-m04;km-262-m05,decks/kotoba-mine/source/mcd/s5.json:714,original,逸失利益,交通事故でけがをし、半年間働けなくなった場合、その間に得られたはずの給料は損害として請求できる。さらに後遺症で収入が減れば、将来の逸失利益も賠償の対象になる。,"If you're injured in a traffic accident and can't work for six months, you can claim the pay you would have earned during that time as damages. And if after-effects reduce your income, future lost earnings are also eligible for compensation.",lost earnings,事故などがなければ得られたはずの収入。,Definition narrows lost profits to income; P1 legal claim needs dated primary source,"[[""逸失利益"", ""いっしつりえき"", 1]]","[[""km-262-m02"", ""いっ""], [""km-262-m03"", ""しつ""], [""km-262-m04"", ""り""], [""km-262-m05"", ""えき""]]",1,1,True,no additional critical defect found in sampled language review,,concern,Definition narrows lost profits to income; P1 legal claim needs dated primary source,書き下ろし（このデッキ用）,,Bunki original,asserted metadata; original wording or source-page equality not independently checked,"original label, authorship provenance not independently verified"
km-262,m01-money,逸失利益,P2,km-262-m06,decks/kotoba-mine/source/mcd/s5.json:720,qa,逸失利益,事故後の減収がないのですが、逸失利益は認められるのでしょうか？,My income hasn't gone down since the accident; can lost earnings still be recognized?,lost earnings,事故などがなければ得られたはずの収入。,Definition narrows lost profits to income; P1 legal claim needs dated primary source,"[[""逸失利益"", ""いっしつりえき"", 1]]",[],1,1,True,no additional critical defect found in sampled language review,,concern,Definition narrows lost profits to income; P1 legal claim needs dated primary source,takatsukilaw-kotsujiko.com,https://takatsukilaw-kotsujiko.com/qa/42-2,web quotation (personal study),asserted metadata; original wording or source-page equality not independently checked,concern: public-release rights/attribution not completely demonstrated
km-262,m01-money,逸失利益,P3,km-262-m07,decks/kotoba-mine/source/mcd/s5.json:724,original,逸失利益,取引先が納品を三か月も遅らせたせいで、新商品の発売が年明けにずれ込んだ。年末商戦で見込んでいた売上を失ったとして、会社は逸失利益の賠償を求める訴えを起こした。,"Because a supplier delayed delivery by three months, the launch of a new product slipped into the new year. Saying it had lost the sales it expected in the year-end shopping season, the company filed a suit seeking compensation for lost profits.",lost earnings,事故などがなければ得られたはずの収入。,Definition narrows lost profits to income; P1 legal claim needs dated primary source,"[[""逸失利益"", ""いっしつりえき"", 1]]",[],1,1,True,no additional critical defect found in sampled language review,,concern,Definition narrows lost profits to income; P1 legal claim needs dated primary source,書き下ろし（このデッキ用）,,Bunki original,asserted metadata; original wording or source-page equality not independently checked,"original label, authorship provenance not independently verified"
km-072,m02-hegemony,覇権安定論,S1,km-072-1,decks/kotoba-mine/source/review/a1.json:92,other,覇権安定論,覇権安定論は、ひとつの国民国家が世界的な支配的大国、すなわち覇権国であるとき、国際システムが安定すると主張する。,"Hegemonic stability theory holds that the international system is stable when a single nation-state is the dominant world power, that is, a hegemon.",hegemonic stability theory,強い一国が秩序を支えると世界経済が安定するという説。,"P1/P2 plausible theory exposition, not externally verified; no cleared mined MCD context","[[""覇権安定論"", ""はけんあんていろん"", 1]]",[],1,1,True,no additional critical defect found in sampled language review,,concern,"P1/P2 plausible theory exposition, not externally verified; no cleared mined MCD context",ja.wikipedia.org,https://ja.wikipedia.org/wiki/%E8%A6%87%E6%A8%A9%E5%AE%89%E5%AE%9A%E8%AB%96,web quotation (personal study),asserted metadata; original wording or source-page equality not independently checked,concern: public-release rights/attribution not completely demonstrated
km-072,m02-hegemony,覇権安定論,P1,km-072-m01;km-072-m02;km-072-m03;km-072-m04;km-072-m05;km-072-m06,decks/kotoba-mine/source/mcd/s4.json:182,original,覇権安定論,十九世紀のイギリスや二十世紀後半のアメリカのように、圧倒的な力を持つ国が自由貿易のルールを守らせているとき、世界経済は安定しやすい。こうした考え方を覇権安定論という。,"When an overwhelmingly powerful country enforces the rules of free trade, as Britain did in the nineteenth century and the United States in the late twentieth, the world economy tends to be stable. This idea is called hegemonic stability theory.",hegemonic stability theory,強い一国が秩序を支えると世界経済が安定するという説。,"P1/P2 plausible theory exposition, not externally verified; no cleared mined MCD context","[[""覇権安定論"", ""はけんあんていろん"", 1]]","[[""km-072-m02"", ""は""], [""km-072-m03"", ""けん""], [""km-072-m04"", ""あん""], [""km-072-m05"", ""てい""], [""km-072-m06"", ""ろん""]]",1,1,True,no additional critical defect found in sampled language review,,concern,"P1/P2 plausible theory exposition, not externally verified; no cleared mined MCD context",書き下ろし（このデッキ用）,,Bunki original,asserted metadata; original wording or source-page equality not independently checked,"original label, authorship provenance not independently verified"
km-072,m02-hegemony,覇権安定論,P2,km-072-m07,decks/kotoba-mine/source/mcd/s4.json:188,original,覇権安定論,覇権安定論の立場からすると、アメリカの影響力が弱まりつつある今の世界は、不安定な時代に入りかけていることになる。中国の台頭で国際秩序がどう変わるのか、専門家の間でも議論が続いている。,"From the standpoint of hegemonic stability theory, today's world, with American influence waning, is entering an unstable era. How the rise of China will change the international order is still being debated among experts.",hegemonic stability theory,強い一国が秩序を支えると世界経済が安定するという説。,"P1/P2 plausible theory exposition, not externally verified; no cleared mined MCD context","[[""覇権安定論"", ""はけんあんていろん"", 1]]",[],1,1,True,no additional critical defect found in sampled language review,,concern,"P1/P2 plausible theory exposition, not externally verified; no cleared mined MCD context",書き下ろし（このデッキ用）,,Bunki original,asserted metadata; original wording or source-page equality not independently checked,"original label, authorship provenance not independently verified"
km-200,m02-hegemony,追い上げる,S1,km-200-1,decks/kotoba-mine/source/review/b4.json:224,news,追い上げる,早稲田大学は1区のエース大迫傑選手が失速して10位となり、その後追い上げるも6位止まりとなった。,"Waseda dropped to 10th when its first-leg ace Suguru Osako faded, and though it closed in afterward, it finished only sixth.",to close in on,前を行く相手との差を縮めて迫る。,P3 unidentified horse/race; align failure safely omits kanji cards,"[[""追い上げる"", ""おいあげる"", 1]]",[],1,1,True,no additional critical defect found in sampled language review,,concern,P3 unidentified horse/race; align failure safely omits kanji cards,ja.wikinews.org,,CC BY 2.5,asserted metadata; original wording or source-page equality not independently checked,concern: public-release rights/attribution not completely demonstrated
km-200,m02-hegemony,追い上げる,P1,km-200-m01,decks/kotoba-mine/source/mcd/s3.json:530,original,追い上げ,前半で三点差をつけられたチームは、後半に入ると猛然と追い上げ、残り五分でついに同点に追いついた。スタンドは総立ちとなり、地鳴りのような歓声が響いた。,"Down by three goals at halftime, the team came roaring back in the second half and finally drew level with five minutes left. The whole stand rose to its feet, and cheers rumbled like the earth shaking.",to close in on,前を行く相手との差を縮めて迫る。,P3 unidentified horse/race; align failure safely omits kanji cards,"[[""追い上げ"", ""おいあげ"", 1]]",[],1,1,True,no additional critical defect found in sampled language review,,concern,P3 unidentified horse/race; align failure safely omits kanji cards,書き下ろし（このデッキ用）,,Bunki original,asserted metadata; original wording or source-page equality not independently checked,"original label, authorship provenance not independently verified"
km-200,m02-hegemony,追い上げる,P2,km-200-m02,decks/kotoba-mine/source/mcd/s3.json:536,original,追い上げて,国内シェアでは長年トップを守ってきたが、ここ数年は低価格を武器にした新興メーカーが急速に追い上げてきている。首位の座を守れるのか、社内には危機感が広がり始めた。,"The company has held the top domestic market share for years, but in the past few years upstart manufacturers armed with low prices have been rapidly closing in. Whether it can hold on to first place is unclear, and a sense of crisis has begun to spread within the company.",to close in on,前を行く相手との差を縮めて迫る。,P3 unidentified horse/race; align failure safely omits kanji cards,"[[""追い上げて"", ""おいあげて"", 1]]",[],1,1,True,no additional critical defect found in sampled language review,,concern,P3 unidentified horse/race; align failure safely omits kanji cards,書き下ろし（このデッキ用）,,Bunki original,asserted metadata; original wording or source-page equality not independently checked,"original label, authorship provenance not independently verified"
km-200,m02-hegemony,追い上げる,P3,km-200-m03,decks/kotoba-mine/source/mcd/s3.json:542,wiki,追い上げる,中長距離の実績馬がスプリント戦に出走するのは極めて異例のことであったためこの出走は話題を呼んだ。また、騎手は南井から武豊に変更された。レースでは終盤に追い上げるも4着に敗れた。,"It was extremely unusual for a horse with a record at middle and long distances to run in a sprint, so the entry drew attention. The jockey was also changed from Minai to Yutaka Take. In the race, the horse closed in late but lost in fourth place.",to close in on,前を行く相手との差を縮めて迫る。,P3 unidentified horse/race; align failure safely omits kanji cards,"[[""追い上げる"", ""おいあげる"", 1]]",[],1,1,True,no additional critical defect found in sampled language review,,concern,P3 unidentified horse/race; align failure safely omits kanji cards,ja.wikipedia.org,,CC BY-SA (Wikipedia),asserted metadata; original wording or source-page equality not independently checked,concern: public-release rights/attribution not completely demonstrated
km-203,m02-hegemony,要石,S1,km-203-1,decks/kotoba-mine/source/review/a1.json:230,company,要石,地中深くまで埋まる要石が、地震を起こす鯰の頭を抑えていると古くから伝えられています。,Legend has long held that the keystone buried deep underground holds down the head of the catfish that causes earthquakes.,"keystone, linchpin",全体を支え、ないと成り立たない大事なもの。,S1 sacred stone sense absent definition; P3 epithet not ordinary keystone use,"[[""要石"", ""かなめいし"", 1]]",[],1,1,True,no additional critical defect found in sampled language review,,concern,S1 sacred stone sense absent definition; P3 epithet not ordinary keystone use,kashimajingu.jp,https://kashimajingu.jp/keidai_annai/%E8%A6%81%E7%9F%B3/,web quotation (personal study),asserted metadata; original wording or source-page equality not independently checked,concern: public-release rights/attribution not completely demonstrated
km-203,m02-hegemony,要石,S2,km-203-2,decks/kotoba-mine/source/review/a1.json:234,original,要石,信頼関係はチームワークの要石だ。,Trust is the keystone of teamwork.,"keystone, linchpin",全体を支え、ないと成り立たない大事なもの。,S1 sacred stone sense absent definition; P3 epithet not ordinary keystone use,"[[""要石"", ""かなめいし"", 1]]",[],1,1,True,no additional critical defect found in sampled language review,,concern,S1 sacred stone sense absent definition; P3 epithet not ordinary keystone use,書き下ろし（このデッキ用）,,Bunki original,asserted metadata; original wording or source-page equality not independently checked,"original label, authorship provenance not independently verified"
km-203,m02-hegemony,要石,P1,km-203-m01;km-203-m02;km-203-m03,decks/kotoba-mine/source/mcd/s6.json:542,original,要石,石造りのアーチは、てっぺんに据えた要石が左右の石をしっかりと押さえることで形を保っている。この一つを抜き取れば、アーチはたちまち崩れ落ちてしまう。,"A stone arch keeps its shape because the keystone set at its top holds the stones on either side firmly in place. Pull out that one stone, and the arch collapses at once.","keystone, linchpin",全体を支え、ないと成り立たない大事なもの。,S1 sacred stone sense absent definition; P3 epithet not ordinary keystone use,"[[""要石"", ""かなめいし"", 1]]","[[""km-203-m02"", ""かなめ""], [""km-203-m03"", ""いし""]]",1,1,True,no additional critical defect found in sampled language review,,concern,S1 sacred stone sense absent definition; P3 epithet not ordinary keystone use,書き下ろし（このデッキ用）,,Bunki original,asserted metadata; original wording or source-page equality not independently checked,"original label, authorship provenance not independently verified"
km-203,m02-hegemony,要石,P2,km-203-m04,decks/kotoba-mine/source/mcd/s6.json:548,original,要石,この小さな町にとって、港はまさに経済の要石だ。漁業も観光も物流も、すべてが港を中心に回っている。港が閉ざされれば、町の暮らしは立ち行かなくなるだろう。,"For this small town, the harbor is truly the keystone of the economy. Fishing, tourism and shipping all revolve around it. If the harbor were closed, life in the town would no longer be able to go on.","keystone, linchpin",全体を支え、ないと成り立たない大事なもの。,S1 sacred stone sense absent definition; P3 epithet not ordinary keystone use,"[[""要石"", ""かなめいし"", 1]]",[],1,1,True,no additional critical defect found in sampled language review,,concern,S1 sacred stone sense absent definition; P3 epithet not ordinary keystone use,書き下ろし（このデッキ用）,,Bunki original,asserted metadata; original wording or source-page equality not independently checked,"original label, authorship provenance not independently verified"
km-203,m02-hegemony,要石,P3,km-203-m05,decks/kotoba-mine/source/mcd/s6.json:554,wiki,要石,ペンシルベニア州は、アメリカ合衆国北東部、また大西洋岸中部に分類される州である。五大湖地方に含められることもある。「要石の州」とも呼ばれる。,"Pennsylvania is a state in the northeastern United States, also classed as Mid-Atlantic. It is sometimes included in the Great Lakes region. It is also called ""the Keystone State.""","keystone, linchpin",全体を支え、ないと成り立たない大事なもの。,S1 sacred stone sense absent definition; P3 epithet not ordinary keystone use,"[[""要石"", ""かなめいし"", 1]]",[],1,1,True,no additional critical defect found in sampled language review,,concern,S1 sacred stone sense absent definition; P3 epithet not ordinary keystone use,ja.wikipedia.org,,CC BY-SA (Wikipedia),asserted metadata; original wording or source-page equality not independently checked,concern: public-release rights/attribution not completely demonstrated
km-060,m02-hegemony,かなめ,S1,km-060-1,decks/kotoba-mine/source/review/a1.json:86,company,かなめ,葛西のかなめとなるクリニックを開院いたしました。,We have opened a clinic that we hope will become a cornerstone of the Kasai community.,"the key point, linchpin",物事のいちばん大事なところ。,S1 clinic marketing/name ambiguity; P2 historical aside; P3 missing teacher antecedent,"[[""かなめ"", ""かなめ"", 1]]",[],1,1,True,no additional critical defect found in sampled language review,,concern,S1 clinic marketing/name ambiguity; P2 historical aside; P3 missing teacher antecedent,kaname-cl.jp,https://kaname-cl.jp/,web quotation (personal study),asserted metadata; original wording or source-page equality not independently checked,concern: public-release rights/attribution not completely demonstrated
km-060,m02-hegemony,かなめ,P1,km-060-m01,decks/kotoba-mine/source/mcd/s5.json:156,original,かなめ,このチームの守備のかなめは、キャプテンの佐藤選手だ。最後尾から声を出し続ける彼がいるからこそ、若い選手たちも落ち着いて動ける。けがで欠場した試合では、守りが崩れて大量失点した。,"The linchpin of this team's defense is the captain, Sato. It's because he keeps shouting instructions from the back that the young players can move calmly. In the match he missed through injury, the defense fell apart and they conceded a pile of goals.","the key point, linchpin",物事のいちばん大事なところ。,S1 clinic marketing/name ambiguity; P2 historical aside; P3 missing teacher antecedent,"[[""かなめ"", ""かなめ"", 1]]",[],1,1,True,no additional critical defect found in sampled language review,,concern,S1 clinic marketing/name ambiguity; P2 historical aside; P3 missing teacher antecedent,書き下ろし（このデッキ用）,,Bunki original,asserted metadata; original wording or source-page equality not independently checked,"original label, authorship provenance not independently verified"
km-060,m02-hegemony,かなめ,P2,km-060-m02,decks/kotoba-mine/source/mcd/s5.json:162,wiki,かなめ,郡の官吏（郡司）は在地の有力者、いわゆる旧豪族からの任命だったので（詳細は古代日本の地方官制を参照）、中央からの支配のかなめは赴任した国司たちにあった。任期は6年（のちに4年）であった。,"Because the county officials (gunji) were appointed from among local powerful families, the so-called old clans (see the article on ancient Japanese local government), the key to central control lay with the provincial governors (kokushi) who were sent out. Their term was six years (later four).","the key point, linchpin",物事のいちばん大事なところ。,S1 clinic marketing/name ambiguity; P2 historical aside; P3 missing teacher antecedent,"[[""かなめ"", ""かなめ"", 1]]",[],1,1,True,no additional critical defect found in sampled language review,,concern,S1 clinic marketing/name ambiguity; P2 historical aside; P3 missing teacher antecedent,ja.wikipedia.org,,CC BY-SA (Wikipedia),asserted metadata; original wording or source-page equality not independently checked,concern: public-release rights/attribution not completely demonstrated
km-060,m02-hegemony,かなめ,P3,km-060-m03,decks/kotoba-mine/source/mcd/s5.json:166,literature,かなめ,その時に先生の答えたことの要領が今でもはっきりと印象に残っている。「俳句はレトリックの煎じ詰めたものである。」「扇のかなめのような集注点を指摘し描写して、それから放散する連想の世界を暗示するものである。」,"The gist of what the teacher answered then still remains clearly in my mind. 'Haiku is rhetoric boiled down to its essence.' 'It points out and depicts a focal point like the pivot of a folding fan, and from there suggests the world of associations that radiates out from it.'","the key point, linchpin",物事のいちばん大事なところ。,S1 clinic marketing/name ambiguity; P2 historical aside; P3 missing teacher antecedent,"[[""かなめ"", ""かなめ"", 1]]",[],1,1,True,no additional critical defect found in sampled language review,,concern,S1 clinic marketing/name ambiguity; P2 historical aside; P3 missing teacher antecedent,青空文庫『夏目漱石先生の追憶』寺田寅彦,https://www.aozora.gr.jp/cards/000042/,public domain (Aozora Bunko),asserted metadata; original wording or source-page equality not independently checked,concern: public-release rights/attribution not completely demonstrated
km-175,m02-hegemony,礎を築く,S1,km-175-1,decks/kotoba-mine/source/review/a1.json:198,original,礎を築いた,創業者たちが今日の会社の礎を築いた。,The founders laid the foundations of the company as it is today.,to lay the foundations,のちの発展を支える土台をつくる。,P3 18-char sentence used as MCD; P1 historical assertion requires citation,"[[""礎を築いた"", ""いしずえをきずいた"", 1]]",[],1,1,True,no additional critical defect found in sampled language review,,concern,P3 18-char sentence used as MCD; P1 historical assertion requires citation,書き下ろし（このデッキ用）,,Bunki original,asserted metadata; original wording or source-page equality not independently checked,"original label, authorship provenance not independently verified"
km-175,m02-hegemony,礎を築く,P1,km-175-m01;km-175-m02;km-175-m03,decks/kotoba-mine/source/mcd/s2.json:470,original,礎を築いた,明治の初め、政府は海外から多くの技術者を招き、鉄道を敷き、製糸工場を建てさせた。そこで技術を学んだ日本人がやがて各地で後進を育て、日本が工業国として発展する礎を築いた。,"In the early Meiji era, the government invited many engineers from abroad to lay railways and build silk mills. The Japanese who learned the techniques there went on to train others around the country, laying the foundations for Japan's development as an industrial nation.",to lay the foundations,のちの発展を支える土台をつくる。,P3 18-char sentence used as MCD; P1 historical assertion requires citation,"[[""礎を築いた"", ""いしずえをきずいた"", 1]]","[[""km-175-m02"", ""いしずえ""], [""km-175-m03"", ""きず""]]",1,1,True,no additional critical defect found in sampled language review,,concern,P3 18-char sentence used as MCD; P1 historical assertion requires citation,書き下ろし（このデッキ用）,,Bunki original,asserted metadata; original wording or source-page equality not independently checked,"original label, authorship provenance not independently verified"
km-175,m02-hegemony,礎を築く,P2,km-175-m04,decks/kotoba-mine/source/mcd/s2.json:476,original,礎を築いて,二十年前、わずか三人で始めた小さな工房が、今では従業員二百人の会社になった。社長は「苦しい時期を一緒に乗り越えた最初の仲間たちが、今日の会社の礎を築いてくれた」と振り返る。,"A small workshop started by just three people twenty years ago is now a company with two hundred employees. Looking back, the president says, 'The first colleagues who got through the hard times with me laid the foundations of the company we have today.'",to lay the foundations,のちの発展を支える土台をつくる。,P3 18-char sentence used as MCD; P1 historical assertion requires citation,"[[""礎を築いて"", ""いしずえをきずいて"", 1]]",[],1,1,True,no additional critical defect found in sampled language review,,concern,P3 18-char sentence used as MCD; P1 historical assertion requires citation,書き下ろし（このデッキ用）,,Bunki original,asserted metadata; original wording or source-page equality not independently checked,"original label, authorship provenance not independently verified"
km-175,m02-hegemony,礎を築く,P3,km-175-m05,decks/kotoba-mine/source/mcd/s2.json:482,original,礎を築いた,創業者たちが今日の会社の礎を築いた。,The founders laid the foundations of today's company.,to lay the foundations,のちの発展を支える土台をつくる。,P3 18-char sentence used as MCD; P1 historical assertion requires citation,"[[""礎を築いた"", ""いしずえをきずいた"", 1]]",[],1,1,True,concern,One-sentence padding fails MCD passage rule.,concern,P3 18-char sentence used as MCD; P1 historical assertion requires citation,書き下ろし（このデッキ用）,,Bunki original,asserted metadata; original wording or source-page equality not independently checked,"original label, authorship provenance not independently verified"
km-063,m02-hegemony,量産,S1,km-063-1,decks/kotoba-mine/source/review/b1.json:60,literature,量産,いったん開発を終えてしまえば、集積回路の量産は容易である。,"Once development is finished, mass-producing integrated circuits is easy.",mass production,同じ製品を一度にたくさん作ること。,S1 Tomita copyright still exists but labelled public domain; P2 names and 2012 time cue,"[[""量産"", ""りょうさん"", 1]]",[],1,1,True,no additional critical defect found in sampled language review,,concern,S1 Tomita copyright still exists but labelled public domain; P2 names and 2012 time cue,青空文庫『パソコン創世記』富田倫生,https://www.aozora.gr.jp/cards/000055/,public domain (Aozora Bunko),Aozora owner card conflicts PD claim,concern: public-release rights/attribution not completely demonstrated
km-063,m02-hegemony,量産,S2,km-063-2,decks/kotoba-mine/source/review/b1.json:64,news,量産,薄い液晶パネルは3mm程度の厚みから量産されているが、さらに薄くすることも技術的には可能だ。,"Thin LCD panels are mass-produced at around 3 mm thick, but making them even thinner is technically possible.",mass production,同じ製品を一度にたくさん作ること。,S1 Tomita copyright still exists but labelled public domain; P2 names and 2012 time cue,"[[""量産"", ""りょうさん"", 1]]",[],1,1,True,no additional critical defect found in sampled language review,,concern,S1 Tomita copyright still exists but labelled public domain; P2 names and 2012 time cue,livedoor ニュース／ITライフハック,http://news.livedoor.com/article/detail/6611729/,CC BY-ND 2.1 JP (livedoor),asserted metadata; original wording or source-page equality not independently checked,concern: public-release rights/attribution not completely demonstrated
km-063,m02-hegemony,量産,S3,km-063-3,decks/kotoba-mine/source/review/b1.json:68,company,量産,安定した供給のための量産体制の構築が鍵を握ります。,Building a mass-production system for a stable supply is the key.,mass production,同じ製品を一度にたくさん作ること。,S1 Tomita copyright still exists but labelled public domain; P2 names and 2012 time cue,"[[""量産"", ""りょうさん"", 1]]",[],1,1,True,no additional critical defect found in sampled language review,,concern,S1 Tomita copyright still exists but labelled public domain; P2 names and 2012 time cue,www.p2enesol.com,https://www.p2enesol.com/stories/011/,web quotation (personal study),asserted metadata; original wording or source-page equality not independently checked,concern: public-release rights/attribution not completely demonstrated
km-063,m02-hegemony,量産,P1,km-063-m01;km-063-m02;km-063-m03,decks/kotoba-mine/source/mcd/s2.json:174,original,量産,試作品の評判は上々だったが、本当の勝負はここからだった。一台ずつ手作業で組み立てていたのでは、注文に追いつかない。会社は工場に新しい生産ラインを設け、ようやく量産にこぎつけた。,"The prototype was well received, but the real battle was only beginning. Assembling each unit by hand, they could never keep up with orders. The company set up a new production line at the factory and at last managed to start mass production.",mass production,同じ製品を一度にたくさん作ること。,S1 Tomita copyright still exists but labelled public domain; P2 names and 2012 time cue,"[[""量産"", ""りょうさん"", 1]]","[[""km-063-m02"", ""りょう""], [""km-063-m03"", ""さん""]]",1,1,True,no additional critical defect found in sampled language review,,concern,S1 Tomita copyright still exists but labelled public domain; P2 names and 2012 time cue,書き下ろし（このデッキ用）,,Bunki original,asserted metadata; original wording or source-page equality not independently checked,"original label, authorship provenance not independently verified"
km-063,m02-hegemony,量産,P2,km-063-m04,decks/kotoba-mine/source/mcd/s2.json:180,news,量産,東芝は容量3Tバイトを実現した3.5インチのハードディスク（以下、HDD）「DT01ACA300」をはじめ、2Tバイト、1.5Tバイトの4シリーズ合計12機種をそれぞれ製品化して、今月下旬から量産を開始すると発表した。これで3.5インチHDDでは、ウェスタンデジタル＆HGST、シーゲイトに次いで東芝が加わり、3Tバイトモデルが出そろうことになる。,"Toshiba announced that it has commercialised a total of twelve models in four series, including the 3.5-inch hard disk drive (HDD) 'DT01ACA300' with a capacity of 3 TB, as well as 2 TB and 1.5 TB models, and will begin mass production late this month. With Toshiba joining Western Digital & HGST and Seagate, 3 TB models of 3.5-inch HDDs will now be available from all the main makers.",mass production,同じ製品を一度にたくさん作ること。,S1 Tomita copyright still exists but labelled public domain; P2 names and 2012 time cue,"[[""量産"", ""りょうさん"", 1]]",[],1,1,True,no additional critical defect found in sampled language review,,concern,S1 Tomita copyright still exists but labelled public domain; P2 names and 2012 time cue,livedoor ニュース／ITライフハック,http://news.livedoor.com/article/detail/6836455/,CC BY-ND 2.1 JP (livedoor),asserted metadata; original wording or source-page equality not independently checked,concern: public-release rights/attribution not completely demonstrated
km-063,m02-hegemony,量産,P3,km-063-m05,decks/kotoba-mine/source/mcd/s2.json:184,news,量産,一般的なクラムシェル型のノートパソコンなら、液晶とそれを保護する天板もある。薄い液晶パネルは3mm程度の厚みから量産されているが、さらに薄くすることも技術的には可能だ。,"An ordinary clamshell laptop also has an LCD and a lid that protects it. Thin LCD panels are mass-produced from a thickness of around 3 mm, but making them even thinner is technically possible.",mass production,同じ製品を一度にたくさん作ること。,S1 Tomita copyright still exists but labelled public domain; P2 names and 2012 time cue,"[[""量産"", ""りょうさん"", 1]]",[],1,1,True,no additional critical defect found in sampled language review,,concern,S1 Tomita copyright still exists but labelled public domain; P2 names and 2012 time cue,livedoor ニュース／ITライフハック,http://news.livedoor.com/article/detail/6611729/,CC BY-ND 2.1 JP (livedoor),asserted metadata; original wording or source-page equality not independently checked,concern: public-release rights/attribution not completely demonstrated
km-079,m03-fab,集積回路,S1,km-079-1,decks/kotoba-mine/source/review/a2.json:112,news,集積回路,キルビーは1958年、ダラスで初めて動作する集積回路を生み出しました。,"In 1958, in Dallas, Kilby created the first working integrated circuit.",integrated circuit,多くの電子部品を小さな板にまとめた回路。,S1 1958 vs P2 1959 unexplained IC invention contrast; P1 billions needs device-specific source,"[[""集積回路"", ""しゅうせきかいろ"", 1]]",[],1,1,True,no additional critical defect found in sampled language review,,concern,S1 1958 vs P2 1959 unexplained IC invention contrast; P1 billions needs device-specific source,www.gephyro.com,https://www.gephyro.com/news/2023/9/24/ti,web quotation (personal study),asserted metadata; original wording or source-page equality not independently checked,concern: public-release rights/attribution not completely demonstrated
km-079,m03-fab,集積回路,P1,km-079-m01;km-079-m02;km-079-m03;km-079-m04;km-079-m05,decks/kotoba-mine/source/mcd/s5.json:204,original,集積回路,スマートフォンの中には、指先ほどの大きさの集積回路がいくつも入っている。一枚の小さなチップに、何十億個ものトランジスタが詰め込まれているのだ。これがなければ、今のような小型の電子機器は生まれなかった。,"Inside a smartphone are several integrated circuits about the size of a fingertip. Billions of transistors are packed onto a single small chip. Without them, today's compact electronic devices would never have come about.",integrated circuit,多くの電子部品を小さな板にまとめた回路。,S1 1958 vs P2 1959 unexplained IC invention contrast; P1 billions needs device-specific source,"[[""集積回路"", ""しゅうせきかいろ"", 1]]","[[""km-079-m02"", ""しゅう""], [""km-079-m03"", ""せき""], [""km-079-m04"", ""かい""], [""km-079-m05"", ""ろ""]]",1,1,True,no additional critical defect found in sampled language review,,concern,S1 1958 vs P2 1959 unexplained IC invention contrast; P1 billions needs device-specific source,書き下ろし（このデッキ用）,,Bunki original,asserted metadata; original wording or source-page equality not independently checked,"original label, authorship provenance not independently verified"
km-079,m03-fab,集積回路,P2,km-079-m06,decks/kotoba-mine/source/mcd/s5.json:210,wiki,集積回路,1959年の集積回路の発明以前、電子回路は個別の部品を組み合わせて構築されていた。当然ながら回路の実装に要する空間も電力も大きく、動作速度は遅かった。それでも、今もそのような回路実装の用途がある。,"Before the invention of the integrated circuit in 1959, electronic circuits were built by combining individual components. Naturally, the space and power needed to implement a circuit were large, and operation was slow. Even so, there are still uses for that way of building circuits today.",integrated circuit,多くの電子部品を小さな板にまとめた回路。,S1 1958 vs P2 1959 unexplained IC invention contrast; P1 billions needs device-specific source,"[[""集積回路"", ""しゅうせきかいろ"", 1]]",[],1,1,True,no additional critical defect found in sampled language review,,concern,S1 1958 vs P2 1959 unexplained IC invention contrast; P1 billions needs device-specific source,ja.wikipedia.org,,CC BY-SA (Wikipedia),asserted metadata; original wording or source-page equality not independently checked,concern: public-release rights/attribution not completely demonstrated
km-079,m03-fab,集積回路,P3,km-079-m07,decks/kotoba-mine/source/mcd/s5.json:214,original,集積回路,半導体不足で、自動車の生産が止まるというニュースが続いた。今の車は、ブレーキからエアコンまで、多くの部分を集積回路で制御している。小さな部品が一つ届かないだけで、車が完成しないのである。,"There was news after news of car production stopping because of the chip shortage. Today's cars control much of what they do, from the brakes to the air conditioning, with integrated circuits. If just one small part fails to arrive, the car can't be finished.",integrated circuit,多くの電子部品を小さな板にまとめた回路。,S1 1958 vs P2 1959 unexplained IC invention contrast; P1 billions needs device-specific source,"[[""集積回路"", ""しゅうせきかいろ"", 1]]",[],1,1,True,no additional critical defect found in sampled language review,,concern,S1 1958 vs P2 1959 unexplained IC invention contrast; P1 billions needs device-specific source,書き下ろし（このデッキ用）,,Bunki original,asserted metadata; original wording or source-page equality not independently checked,"original label, authorship provenance not independently verified"
km-087,m03-fab,歩留まり,S1,km-087-1,decks/kotoba-mine/source/review/a1.json:110,blog,歩留まり,歩留まりが1％上がるだけで、工場全体の利益が大きく変わります。,Raising the yield by just 1% makes a big difference to the whole factory's profits.,yield (share of good products),作った物のうち、良品として使える割合。,P3 Tomita copyrighted work labelled public domain; P1 cleaner-than-operating-room uncited comparison,"[[""歩留まり"", ""ぶどまり"", 1]]",[],1,1,True,no additional critical defect found in sampled language review,,concern,P3 Tomita copyrighted work labelled public domain; P1 cleaner-than-operating-room uncited comparison,note.com,https://note.com/tomiriki_2026/n/n063e2ad85351,web quotation (personal study),asserted metadata; original wording or source-page equality not independently checked,concern: public-release rights/attribution not completely demonstrated
km-087,m03-fab,歩留まり,P1,km-087-m01;km-087-m02;km-087-m03,decks/kotoba-mine/source/mcd/s6.json:222,original,歩留まり,半導体工場では、一枚のウエハーから取れるチップのうち、実際に使える良品の割合を歩留まりと呼ぶ。ほこり一つで不良品が出るため、工場の中は手術室よりも清潔に保たれている。,"In semiconductor plants, the share of usable good chips among those cut from a single wafer is called the yield. Because a single speck of dust can produce a defective chip, the inside of the plant is kept cleaner than an operating room.",yield (share of good products),作った物のうち、良品として使える割合。,P3 Tomita copyrighted work labelled public domain; P1 cleaner-than-operating-room uncited comparison,"[[""歩留まり"", ""ぶどまり"", 1]]","[[""km-087-m02"", ""ぶ""], [""km-087-m03"", ""ど""]]",1,1,True,no additional critical defect found in sampled language review,,concern,P3 Tomita copyrighted work labelled public domain; P1 cleaner-than-operating-room uncited comparison,書き下ろし（このデッキ用）,,Bunki original,asserted metadata; original wording or source-page equality not independently checked,"original label, authorship provenance not independently verified"
km-087,m03-fab,歩留まり,P2,km-087-m04,decks/kotoba-mine/source/mcd/s6.json:228,original,歩留まり,パン工房の店長は、形が崩れて売り物にならないパンの多さに頭を抱えていた。生地の温度管理を見直したところ歩留まりが大きく改善し、廃棄はほぼ半分に減った。,"The manager of the bakery was at his wits' end over how many loaves came out misshapen and unsellable. When he revised the temperature control of the dough, the yield improved greatly, and waste fell by nearly half.",yield (share of good products),作った物のうち、良品として使える割合。,P3 Tomita copyrighted work labelled public domain; P1 cleaner-than-operating-room uncited comparison,"[[""歩留まり"", ""ぶどまり"", 1]]",[],1,1,True,no additional critical defect found in sampled language review,,concern,P3 Tomita copyrighted work labelled public domain; P1 cleaner-than-operating-room uncited comparison,書き下ろし（このデッキ用）,,Bunki original,asserted metadata; original wording or source-page equality not independently checked,"original label, authorship provenance not independently verified"
km-087,m03-fab,歩留まり,P3,km-087-m05,decks/kotoba-mine/source/mcd/s6.json:234,literature,歩留まり,セラミックスをガラスで固定する従来のパッケージが、歩留まりを高められない点に悩まされたフェアチャイルドは、セラミックスだけでパッケージを作る技術の開発を稲盛に持ちかけた。これをきっかけに確立した技術によって、京都セラミツクはＩＣパッケージの分野を独占的に押さえ、集積回路の急激な発展と軌を一にして猛烈な勢いで成長を遂げた。,"Fairchild, troubled that the conventional package fixing ceramics with glass could not raise yields, approached Inamori about developing a technology to make packages from ceramics alone. With the technology established through this, Kyoto Ceramic came to dominate the IC package field almost exclusively and grew at a furious pace in step with the rapid development of integrated circuits.",yield (share of good products),作った物のうち、良品として使える割合。,P3 Tomita copyrighted work labelled public domain; P1 cleaner-than-operating-room uncited comparison,"[[""歩留まり"", ""ぶどまり"", 1]]",[],1,1,True,no additional critical defect found in sampled language review,,concern,P3 Tomita copyrighted work labelled public domain; P1 cleaner-than-operating-room uncited comparison,青空文庫『パソコン創世記』富田倫生,https://www.aozora.gr.jp/cards/000055/,public domain (Aozora Bunko),Aozora owner card conflicts PD claim,concern: public-release rights/attribution not completely demonstrated
km-020,m03-fab,攪拌,S1,km-020-1,decks/kotoba-mine/source/review/a3.json:36,news,撹拌,冷凍したバナナ、ヨーグルト飲料をミキサーに入れ、撹拌する。,Put frozen bananas and a yogurt drink in the blender and blend.,stirring,液体などをかき回して混ぜること。,Variant 撹拌 ruby pass; P3 omitted substance first sentence; align failure safely omits kanji cards,"[[""撹拌"", ""かくはん"", 1]]",[],1,1,True,no additional critical defect found in sampled language review,,concern,Variant 撹拌 ruby pass; P3 omitted substance first sentence; align failure safely omits kanji cards,livedoor ニュース／Peachy,http://news.livedoor.com/article/detail/5763064/,CC BY-ND 2.1 JP (livedoor),asserted metadata; original wording or source-page equality not independently checked,concern: public-release rights/attribution not completely demonstrated
km-020,m03-fab,攪拌,P1,km-020-m01,decks/kotoba-mine/source/mcd/s2.json:56,wiki,攪拌,アイスクリームは、牛乳などを原料にして、冷やしながら空気を含むように攪拌してクリーム状とし、これを凍らせた菓子である。そのうち、柔らかいものは「ソフトクリーム」と呼ばれる。,"Ice cream is a frozen confection made from milk and other ingredients, stirred while chilling so that it takes in air and becomes creamy, then frozen. The soft kind is called 'soft serve'.",stirring,液体などをかき回して混ぜること。,Variant 撹拌 ruby pass; P3 omitted substance first sentence; align failure safely omits kanji cards,"[[""攪拌"", ""かくはん"", 1]]",[],1,1,True,no additional critical defect found in sampled language review,,concern,Variant 撹拌 ruby pass; P3 omitted substance first sentence; align failure safely omits kanji cards,ja.wikipedia.org,,CC BY-SA (Wikipedia),asserted metadata; original wording or source-page equality not independently checked,concern: public-release rights/attribution not completely demonstrated
km-020,m03-fab,攪拌,P2,km-020-m02,decks/kotoba-mine/source/mcd/s2.json:60,original,攪拌,工場のタンクでは、原料の液体が沈殿しないよう、底に取り付けた羽根で絶えず攪拌している。かき混ぜる速度が遅すぎると成分が分離し、製品の品質にむらが出てしまうからだ。,"In the factory tanks, the liquid ingredients are constantly stirred by blades fitted at the bottom so that nothing settles out. If the mixing is too slow, the components separate and the product's quality becomes uneven.",stirring,液体などをかき回して混ぜること。,Variant 撹拌 ruby pass; P3 omitted substance first sentence; align failure safely omits kanji cards,"[[""攪拌"", ""かくはん"", 1]]",[],1,1,True,no additional critical defect found in sampled language review,,concern,Variant 撹拌 ruby pass; P3 omitted substance first sentence; align failure safely omits kanji cards,書き下ろし（このデッキ用）,,Bunki original,asserted metadata; original wording or source-page equality not independently checked,"original label, authorship provenance not independently verified"
km-020,m03-fab,攪拌,P3,km-020-m03,decks/kotoba-mine/source/mcd/s2.json:66,literature,攪拌,かたく練り上げたら、醤油を数滴落としてまた練るのである。また醤油数滴を落として練る。要するにほんの少しずつ醤油をかけては、ねることを繰り返し、糸のすがたがなくなってどろどろになった納豆に、辛子を入れてよく攪拌する。,"Once it has been kneaded stiff, you drip in a few drops of soy sauce and knead it again. Then a few more drops, and knead again. In short, you keep adding soy sauce little by little and kneading, and when the natto has lost its strings and turned to a thick mush, you add mustard and stir it well.",stirring,液体などをかき回して混ぜること。,Variant 撹拌 ruby pass; P3 omitted substance first sentence; align failure safely omits kanji cards,"[[""攪拌"", ""かくはん"", 1]]",[],1,1,True,no additional critical defect found in sampled language review,,concern,Variant 撹拌 ruby pass; P3 omitted substance first sentence; align failure safely omits kanji cards,青空文庫『納豆の茶漬け』北大路魯山人,https://www.aozora.gr.jp/cards/001403/,public domain (Aozora Bunko),asserted metadata; original wording or source-page equality not independently checked,concern: public-release rights/attribution not completely demonstrated
km-022,m03-fab,分留,S1,km-022-1,decks/kotoba-mine/source/review/a2.json:32,gov,分留,原油を分留して、灯油やジェット燃料などを分離した。,"Crude oil was separated by fractional distillation into kerosene, jet fuel, and other products.",fractional distillation,沸く温度の差で液体の混ざり物を分けること。,"Definition, sense and numerical-free written explanation pass; P2 technical density","[[""分留"", ""ぶんりゅう"", 1]]",[],1,1,True,no additional critical defect found in sampled language review,,concern,"Definition, sense and numerical-free written explanation pass; P2 technical density",www.mod.go.jp,https://www.mod.go.jp/nda/admissions/files/files/1511231003phpKKAJmi/30zennkikagakumonndairikou.pdf,web quotation (personal study),asserted metadata; original wording or source-page equality not independently checked,concern: public-release rights/attribution not completely demonstrated
km-022,m03-fab,分留,P1,km-022-m01;km-022-m02;km-022-m03,decks/kotoba-mine/source/mcd/s4.json:50,original,分留,原油は、そのままではほとんど使い道がない。製油所では原油を加熱し、沸点の違いを利用して分留することで、ガソリンや灯油、軽油などに分けていく。,"Crude oil is of little use as it is. At a refinery the crude is heated and separated by fractional distillation, using differences in boiling point, into gasoline, kerosene, diesel and so on.",fractional distillation,沸く温度の差で液体の混ざり物を分けること。,"Definition, sense and numerical-free written explanation pass; P2 technical density","[[""分留"", ""ぶんりゅう"", 1]]","[[""km-022-m02"", ""ぶん""], [""km-022-m03"", ""りゅう""]]",1,1,True,no additional critical defect found in sampled language review,,concern,"Definition, sense and numerical-free written explanation pass; P2 technical density",書き下ろし（このデッキ用）,,Bunki original,asserted metadata; original wording or source-page equality not independently checked,"original label, authorship provenance not independently verified"
km-022,m03-fab,分留,P2,km-022-m04,decks/kotoba-mine/source/mcd/s4.json:56,wiki,分留,石油の成分のほとんどは炭化水素であり、色々な炭化水素の混合物から構成されている。その他、硫黄化合物、窒素化合物、金属類も含まれている。工業的に有用な石油製品を作るためには、分留によって成分を分ける。,"Most of the components of petroleum are hydrocarbons; it is a mixture of many different hydrocarbons. It also contains sulfur compounds, nitrogen compounds and metals. To make industrially useful petroleum products, the components are separated by fractional distillation.",fractional distillation,沸く温度の差で液体の混ざり物を分けること。,"Definition, sense and numerical-free written explanation pass; P2 technical density","[[""分留"", ""ぶんりゅう"", 1]]",[],1,1,True,no additional critical defect found in sampled language review,,concern,"Definition, sense and numerical-free written explanation pass; P2 technical density",ja.wikipedia.org,,CC BY-SA (Wikipedia),asserted metadata; original wording or source-page equality not independently checked,concern: public-release rights/attribution not completely demonstrated
km-193,m03-fab,現像,S1,km-193-1,decks/kotoba-mine/source/review/b2.json:210,example-bank,現像,このフィルムを現像して下さい。,Please develop this film.,developing (film),撮ったフィルムを薬で処理して像を出すこと。,P2 repeats 現像; P3 unresolved こんな意味 and Yokota photograph,"[[""現像"", ""げんぞう"", 1]]",[],1,1,True,no additional critical defect found in sampled language review,,concern,P2 repeats 現像; P3 unresolved こんな意味 and Yokota photograph,例文集（Tanaka/SNOW）,,CC BY 4.0,asserted metadata; original wording or source-page equality not independently checked,concern: public-release rights/attribution not completely demonstrated
km-193,m03-fab,現像,P1,km-193-m01;km-193-m02;km-193-m03,decks/kotoba-mine/source/mcd/s2.json:522,original,現像,デジタルカメラが普及する前は、撮り終えたフィルムを写真店に持っていき、現像を頼むのが当たり前だった。仕上がりは数日後で、どんな写真が撮れているか、受け取るまで分からないのも楽しみのひとつだった。,"Before digital cameras became common, it was normal to take a finished roll of film to a photo shop and have it developed. The prints were ready a few days later, and not knowing what kind of pictures you'd taken until you picked them up was part of the fun.",developing (film),撮ったフィルムを薬で処理して像を出すこと。,P2 repeats 現像; P3 unresolved こんな意味 and Yokota photograph,"[[""現像"", ""げんぞう"", 1]]","[[""km-193-m02"", ""げん""], [""km-193-m03"", ""ぞう""]]",1,1,True,no additional critical defect found in sampled language review,,concern,P2 repeats 現像; P3 unresolved こんな意味 and Yokota photograph,書き下ろし（このデッキ用）,,Bunki original,asserted metadata; original wording or source-page equality not independently checked,"original label, authorship provenance not independently verified"
km-193,m03-fab,現像,P2,km-193-m04,decks/kotoba-mine/source/mcd/s2.json:528,news,現像,コダクロームは1935年に世界初の市販カラーフィルムとして発売された。ネガフィルムと異なり、現像したフィルムに画像が再現される「リバーサルフィルム」で、再現性が高いことからスライドなどにも使われ、プロカメラマンを中心に人気を集めていた。しかし、コダクロームは現像工程が特殊で、それを行える工場は現在では米カンザス州の1ヶ所だけとなっていた。,"Kodachrome went on sale in 1935 as the world's first commercially available colour film. Unlike negative film, it was a 'reversal film' in which the image appears on the developed film itself, and because of its faithful reproduction it was also used for slides and was popular mainly with professional photographers. However, Kodachrome's development process was special, and only one lab, in Kansas in the US, could still do it.",developing (film),撮ったフィルムを薬で処理して像を出すこと。,P2 repeats 現像; P3 unresolved こんな意味 and Yokota photograph,"[[""現像"", ""げんぞう"", 1]]",[],2,1,True,concern,Second 現像 remains visible; time-relative old news.,concern,P2 repeats 現像; P3 unresolved こんな意味 and Yokota photograph,ja.wikinews.org,,CC BY 2.5 (Wikinews),asserted metadata; original wording or source-page equality not independently checked,concern: public-release rights/attribution not completely demonstrated
km-193,m03-fab,現像,P3,km-193-m05,decks/kotoba-mine/source/mcd/s2.json:532,literature,現像,まずこんな意味であったので、わたしも取りあえず自分の撮影した分を現像してみましたが、どこにも人の影らしいものなどは見いだされませんでした。横田君の写真にはどういう影があらわれているのか、その実物を見ないのでよく判りません。,"Since that was roughly what it meant, I too developed the shots I had taken, just in case, but nothing like a human shadow could be found anywhere. I haven't seen the actual print, so I don't really know what kind of shadow appeared in Yokota's photo.",developing (film),撮ったフィルムを薬で処理して像を出すこと。,P2 repeats 現像; P3 unresolved こんな意味 and Yokota photograph,"[[""現像"", ""げんぞう"", 1]]",[],1,1,True,no additional critical defect found in sampled language review,,concern,P2 repeats 現像; P3 unresolved こんな意味 and Yokota photograph,青空文庫『青蛙堂鬼談』岡本綺堂,https://www.aozora.gr.jp/cards/000082/,public domain (Aozora Bunko),asserted metadata; original wording or source-page equality not independently checked,concern: public-release rights/attribution not completely demonstrated
km-146,m04-incident,夕べ,S1,km-146-1,decks/kotoba-mine/source/review/b4.json:144,tatoeba,夕べ,夕べは徹夜して小説を読んだ。,I stayed up all last night reading a novel.,last night,きのうの夜。,Last-night sense and readings pass; evening sense not represented,"[[""夕べ"", ""ゆうべ"", 1]]",[],1,1,True,no additional critical defect found in sampled language review,,concern,Last-night sense and readings pass; evening sense not represented,Tatoeba,https://tatoeba.org/ja/sentences/show/79135,CC BY 2.0 FR (Tatoeba),asserted metadata; original wording or source-page equality not independently checked,concern: public-release rights/attribution not completely demonstrated
km-146,m04-incident,夕べ,P1,km-146-m01;km-146-m02,decks/kotoba-mine/source/mcd/s3.json:380,original,夕べ,夕べは遅くまで友達と電話していたせいで、今朝はなかなか起きられなかった。一時間目の授業中も、あくびをかみ殺すのに必死で、先生の話はほとんど頭に入らなかった。,"I was on the phone with a friend until late last night, so I could hardly get up this morning. Even in first period, I was so busy stifling my yawns that hardly any of the lesson sank in.",last night,きのうの夜。,Last-night sense and readings pass; evening sense not represented,"[[""夕べ"", ""ゆうべ"", 1]]","[[""km-146-m02"", ""ゆう""]]",1,1,True,no additional critical defect found in sampled language review,,concern,Last-night sense and readings pass; evening sense not represented,書き下ろし（このデッキ用）,,Bunki original,asserted metadata; original wording or source-page equality not independently checked,"original label, authorship provenance not independently verified"
km-146,m04-incident,夕べ,P2,km-146-m03,decks/kotoba-mine/source/mcd/s3.json:386,original,夕べ,「夕べの地震、気づいた？」と隣の奥さんに声をかけられた。夜中の二時ごろ、震度三ほどの揺れがあったらしい。ぐっすり眠っていた私は、まったく気づかなかった。,"""Did you notice the earthquake last night?"" the woman next door asked me. Apparently there was shaking of about intensity 3 around two in the morning. I had been sound asleep and never noticed a thing.",last night,きのうの夜。,Last-night sense and readings pass; evening sense not represented,"[[""夕べ"", ""ゆうべ"", 1]]",[],1,1,True,no additional critical defect found in sampled language review,,concern,Last-night sense and readings pass; evening sense not represented,書き下ろし（このデッキ用）,,Bunki original,asserted metadata; original wording or source-page equality not independently checked,"original label, authorship provenance not independently verified"
km-149,m04-incident,神奈川県,S1,km-149-1,decks/kotoba-mine/source/review/b3.json:160,news,神奈川県,昨日、神奈川県の海岸近くで観測された不思議な空が話題になっている。,A strange sky seen near the coast of Kanagawa Prefecture yesterday has become a talking point.,Kanagawa Prefecture,東京都の南にあり、横浜市に県庁がある県。,Target reading pass; P2 repeated inline phonetic text and long encyclopedic quotation; no 字 safely,"[[""神奈川県"", ""かながわけん"", 1]]",[],1,1,True,no additional critical defect found in sampled language review,,concern,Target reading pass; P2 repeated inline phonetic text and long encyclopedic quotation; no 字 safely,livedoor ニュース／ITライフハック,http://news.livedoor.com/article/detail/6869015/,CC BY-ND 2.1 JP (livedoor),asserted metadata; original wording or source-page equality not independently checked,concern: public-release rights/attribution not completely demonstrated
km-149,m04-incident,神奈川県,S2,km-149-2,decks/kotoba-mine/source/review/b3.json:164,news,神奈川県,1月31日の夕方から深夜に掛けて、東京都、神奈川県でゴムの焼けこげた臭いがした。,"From the evening of January 31 until late at night, a smell of burning rubber was noticed in Tokyo and Kanagawa Prefecture.",Kanagawa Prefecture,東京都の南にあり、横浜市に県庁がある県。,Target reading pass; P2 repeated inline phonetic text and long encyclopedic quotation; no 字 safely,"[[""神奈川県"", ""かながわけん"", 1]]",[],1,1,True,no additional critical defect found in sampled language review,,concern,Target reading pass; P2 repeated inline phonetic text and long encyclopedic quotation; no 字 safely,ja.wikinews.org,,CC BY 2.5 (Wikinews),asserted metadata; original wording or source-page equality not independently checked,concern: public-release rights/attribution not completely demonstrated
km-149,m04-incident,神奈川県,P1,km-149-m01,decks/kotoba-mine/source/mcd/s6.json:392,original,神奈川県,横浜や鎌倉、箱根など、神奈川県には人気の観光地が多い。東京から電車で一時間ほどで行けるため、週末になると日帰りの観光客で大いににぎわう。海と山の両方を一日で楽しめるのも魅力だ。,"Kanagawa Prefecture has many popular tourist spots, such as Yokohama, Kamakura and Hakone. Because you can get there in about an hour by train from Tokyo, they are crowded with day-trippers on weekends. Being able to enjoy both sea and mountains in a single day is part of the appeal.",Kanagawa Prefecture,東京都の南にあり、横浜市に県庁がある県。,Target reading pass; P2 repeated inline phonetic text and long encyclopedic quotation; no 字 safely,"[[""神奈川県"", ""かながわけん"", 1]]",[],1,1,True,no additional critical defect found in sampled language review,,concern,Target reading pass; P2 repeated inline phonetic text and long encyclopedic quotation; no 字 safely,書き下ろし（このデッキ用）,,Bunki original,asserted metadata; original wording or source-page equality not independently checked,"original label, authorship provenance not independently verified"
km-149,m04-incident,神奈川県,P2,km-149-m02,decks/kotoba-mine/source/mcd/s6.json:398,news,神奈川県,昨日、神奈川県の海岸近くで観測された不思議な空が話題になっている。これ「反薄明光線」（はんはくめいこうせん）と呼ばれる現象で、Wikipediaによると「太陽が雲に隠れているとき、雲の切れ間あるいは端から光が漏れ、太陽と正反対の方向に光線の柱（光芒）が放射状に収束して見える現象」なのだそうだ。,"A strange sky observed near the coast of Kanagawa Prefecture yesterday has become a topic of conversation. This is a phenomenon called ""anticrepuscular rays,"" which according to Wikipedia is ""a phenomenon in which, when the sun is hidden behind clouds, light leaks from gaps or edges in the clouds and columns of light appear to converge radially in the direction directly opposite the sun.""",Kanagawa Prefecture,東京都の南にあり、横浜市に県庁がある県。,Target reading pass; P2 repeated inline phonetic text and long encyclopedic quotation; no 字 safely,"[[""神奈川県"", ""かながわけん"", 1]]",[],1,1,True,no additional critical defect found in sampled language review,,concern,Target reading pass; P2 repeated inline phonetic text and long encyclopedic quotation; no 字 safely,livedoor ニュース／ITライフハック,http://news.livedoor.com/article/detail/6869015/,CC BY-ND 2.1 JP (livedoor),asserted metadata; original wording or source-page equality not independently checked,concern: public-release rights/attribution not completely demonstrated
km-149,m04-incident,神奈川県,P3,km-149-m03,decks/kotoba-mine/source/mcd/s6.json:402,news,神奈川県,斉藤愛璃選手は、1989年神奈川県生まれ。8歳からゴルフを始め、高校時代には日本女子アマチュアゴルフ選手権でベスト16に入り、2007年には若干17歳にしてナショナルチームメンバーに選出された。,"Airi Saito was born in Kanagawa Prefecture in 1989. She started playing golf at age eight, reached the last 16 of the Japan Women's Amateur Golf Championship in high school, and in 2007, at just 17, was selected as a member of the national team.",Kanagawa Prefecture,東京都の南にあり、横浜市に県庁がある県。,Target reading pass; P2 repeated inline phonetic text and long encyclopedic quotation; no 字 safely,"[[""神奈川県"", ""かながわけん"", 1]]",[],1,1,True,no additional critical defect found in sampled language review,,concern,Target reading pass; P2 repeated inline phonetic text and long encyclopedic quotation; no 字 safely,livedoor ニュース／ITライフハック,http://news.livedoor.com/article/detail/6295722/,CC BY-ND 2.1 JP (livedoor),asserted metadata; original wording or source-page equality not independently checked,concern: public-release rights/attribution not completely demonstrated
km-150,m04-incident,行方不明,S1,km-150-1,decks/kotoba-mine/source/review/b4.json:150,gov,行方不明,飼い猫が行方不明になってしまいました。,Our pet cat has gone missing.,missing,どこにいるのかわからないこと。,Target reading pass; P2/P3 statistics need article date; no 字 safely,"[[""行方不明"", ""ゆくえふめい"", 1]]",[],1,1,True,no additional critical defect found in sampled language review,,concern,Target reading pass; P2/P3 statistics need article date; no 字 safely,city.minato.tokyo.jp,https://www.city.minato.tokyo.jp/seikatsueiseisoudan/kuse/kocho/faq/dobutsu/031.html,web quotation (personal study),asserted metadata; original wording or source-page equality not independently checked,concern: public-release rights/attribution not completely demonstrated
km-150,m04-incident,行方不明,S2,km-150-2,decks/kotoba-mine/source/review/b4.json:154,example-bank,行方不明,行方不明だった漁船が無事帰港した。,The fishing boat that had been missing returned safely to port.,missing,どこにいるのかわからないこと。,Target reading pass; P2/P3 statistics need article date; no 字 safely,"[[""行方不明"", ""ゆくえふめい"", 1]]",[],1,1,True,no additional critical defect found in sampled language review,,concern,Target reading pass; P2/P3 statistics need article date; no 字 safely,例文集（Tanaka/SNOW）,,CC BY 2.0 FR,asserted metadata; original wording or source-page equality not independently checked,concern: public-release rights/attribution not completely demonstrated
km-150,m04-incident,行方不明,P1,km-150-m01,decks/kotoba-mine/source/mcd/s1.json:410,original,行方不明,近所の小学生が、学校から帰ってこないまま行方不明になった。町内会の人たちは懐中電灯を手に、夜遅くまで川沿いや公園を捜し回った。翌朝、男の子は友達の家の物置で眠っているところを見つかった。,A schoolboy from the neighbourhood went missing after failing to come home from school. People from the neighbourhood association searched along the river and in the parks with torches until late at night. The next morning the boy was found asleep in a friend's shed.,missing,どこにいるのかわからないこと。,Target reading pass; P2/P3 statistics need article date; no 字 safely,"[[""行方不明"", ""ゆくえふめい"", 1]]",[],1,1,True,no additional critical defect found in sampled language review,,concern,Target reading pass; P2/P3 statistics need article date; no 字 safely,書き下ろし（このデッキ用）,,Bunki original,asserted metadata; original wording or source-page equality not independently checked,"original label, authorship provenance not independently verified"
km-150,m04-incident,行方不明,P2,km-150-m02,decks/kotoba-mine/source/mcd/s1.json:416,news,行方不明,死者・行方不明者が、1万9000人を超える大災害となった東日本大震災。発生からまもなく1年が経とうとしているが、仮設住宅などで避難生活を送る人は32万人以上もいる。,"The Great East Japan Earthquake was a massive disaster that left more than 19,000 people dead or missing. Almost a year has passed since it struck, yet more than 320,000 people are still living as evacuees in temporary housing and elsewhere.",missing,どこにいるのかわからないこと。,Target reading pass; P2/P3 statistics need article date; no 字 safely,"[[""行方不明"", ""ゆくえふめい"", 1]]",[],1,1,True,no additional critical defect found in sampled language review,,concern,Target reading pass; P2/P3 statistics need article date; no 字 safely,livedoor ニュース／MOVIE ENTER,http://news.livedoor.com/article/detail/6339647/,CC BY-ND 2.1 JP (livedoor),asserted metadata; original wording or source-page equality not independently checked,concern: public-release rights/attribution not completely demonstrated
km-150,m04-incident,行方不明,P3,km-150-m03,decks/kotoba-mine/source/mcd/s1.json:420,news,行方不明,最大の被災地パンガンダランでは沿岸の建物や観光施設が破壊されたほか、ケブメンでは数百隻の漁船が流された。津波の高さは最大で3mに達したという。オランダ人やスウェーデン人の観光客を含む約160人が行方不明となっているのをはじめ、2万人以上が避難している。,"In Pangandaran, the worst-hit area, buildings and tourist facilities along the coast were destroyed, and in Kebumen hundreds of fishing boats were swept away. The tsunami reportedly reached up to 3 metres in height. About 160 people, including Dutch and Swedish tourists, are missing, and more than 20,000 have been evacuated.",missing,どこにいるのかわからないこと。,Target reading pass; P2/P3 statistics need article date; no 字 safely,"[[""行方不明"", ""ゆくえふめい"", 1]]",[],1,1,True,no additional critical defect found in sampled language review,,concern,Target reading pass; P2/P3 statistics need article date; no 字 safely,ja.wikinews.org,,CC BY 2.5 (Wikinews),asserted metadata; original wording or source-page equality not independently checked,concern: public-release rights/attribution not completely demonstrated
km-137,m04-incident,被告人,S1,km-137-1,decks/kotoba-mine/source/review/b1.json:152,company,被告人,無罪判決の場合、拘留されていた被告人は直ちに釈放されます。,"If the verdict is not guilty, a defendant who has been in custody is released immediately.",defendant in a criminal trial,刑事裁判で罪を問われている人。,S1 custody jargon and context; P3 single sentence with dangling ここでも,"[[""被告人"", ""ひこくにん"", 1]]",[],1,1,True,no additional critical defect found in sampled language review,,concern,S1 custody jargon and context; P3 single sentence with dangling ここでも,daiichi.gr.jp,https://www.daiichi.gr.jp/services/criminal/p-9,web quotation (personal study),asserted metadata; original wording or source-page equality not independently checked,concern: public-release rights/attribution not completely demonstrated
km-137,m04-incident,被告人,S2,km-137-2,decks/kotoba-mine/source/review/b1.json:156,tatoeba,被告人,弁護人は裁判官に被告人たちの年齢を考慮するように求めた。,The lawyer asked the judge to take the defendants' ages into account.,defendant in a criminal trial,刑事裁判で罪を問われている人。,S1 custody jargon and context; P3 single sentence with dangling ここでも,"[[""被告人"", ""ひこくにん"", 1]]",[],1,1,True,no additional critical defect found in sampled language review,,concern,S1 custody jargon and context; P3 single sentence with dangling ここでも,Tatoeba,https://tatoeba.org/ja/sentences/show/83256,CC BY 2.0 FR (Tatoeba),asserted metadata; original wording or source-page equality not independently checked,concern: public-release rights/attribution not completely demonstrated
km-137,m04-incident,被告人,P1,km-137-m01;km-137-m02;km-137-m03;km-137-m04,decks/kotoba-mine/source/mcd/s1.json:376,original,被告人,判決を言い渡したあと、裁判長は証言台の前に立つ被告人に「二度と同じ過ちを繰り返さないでください」と語りかけた。男は深く頭を下げ、刑務官に付き添われて法廷をあとにした。,"After handing down the sentence, the presiding judge addressed the defendant standing at the witness stand: ""Please never repeat the same mistake."" The man bowed deeply and left the courtroom escorted by prison officers.",defendant in a criminal trial,刑事裁判で罪を問われている人。,S1 custody jargon and context; P3 single sentence with dangling ここでも,"[[""被告人"", ""ひこくにん"", 1]]","[[""km-137-m02"", ""ひ""], [""km-137-m03"", ""こく""], [""km-137-m04"", ""にん""]]",1,1,True,no additional critical defect found in sampled language review,,concern,S1 custody jargon and context; P3 single sentence with dangling ここでも,書き下ろし（このデッキ用）,,Bunki original,asserted metadata; original wording or source-page equality not independently checked,"original label, authorship provenance not independently verified"
km-137,m04-incident,被告人,P2,km-137-m05,decks/kotoba-mine/source/mcd/s1.json:382,news,被告人,被告人は罪を認めていたので、刑の重さを決めることが議論の中心となった。そして、裁判官が何度も言っていたのは、「事実のみに目を向ける」こと。,"The defendant had admitted the crime, so the discussion centred on deciding how heavy the sentence should be. And what the judges said again and again was to ""look only at the facts"".",defendant in a criminal trial,刑事裁判で罪を問われている人。,S1 custody jargon and context; P3 single sentence with dangling ここでも,"[[""被告人"", ""ひこくにん"", 1]]",[],1,1,True,no additional critical defect found in sampled language review,,concern,S1 custody jargon and context; P3 single sentence with dangling ここでも,livedoor ニュース／独女通信,http://news.livedoor.com/article/detail/6530289/,CC BY-ND 2.1 JP (livedoor),asserted metadata; original wording or source-page equality not independently checked,concern: public-release rights/attribution not completely demonstrated
km-137,m04-incident,被告人,P3,km-137-m06,decks/kotoba-mine/source/mcd/s1.json:386,news,被告人,裁判員が直接、被告人に質問することもできるが、ここでも「どう感じましたか？」といった質問を考えがちで、事前に裁判官にアドバイスを受けるのだそうだ。,"Lay judges can also question the defendant directly, but here too they tend to come up with questions like ""How did you feel?"", so apparently they get advice from the professional judges beforehand.",defendant in a criminal trial,刑事裁判で罪を問われている人。,S1 custody jargon and context; P3 single sentence with dangling ここでも,"[[""被告人"", ""ひこくにん"", 1]]",[],1,1,True,no additional critical defect found in sampled language review,,concern,S1 custody jargon and context; P3 single sentence with dangling ここでも,livedoor ニュース／独女通信,http://news.livedoor.com/article/detail/6530289/,CC BY-ND 2.1 JP (livedoor),asserted metadata; original wording or source-page equality not independently checked,concern: public-release rights/attribution not completely demonstrated
km-145,m04-incident,抹殺,S1,km-145-1,decks/kotoba-mine/source/review/a2.json:176,example-bank,抹殺,なぜその政治家は大多数の意見を抹殺しようとするのか。,Why is that politician trying to stamp out the opinions of the majority?,wiping out; erasing,存在をすっかり消し去ること。,P2 murder-comedy sense mismatches learner erasure/ignoring; P3 unresolved そういう日 and 瀰漫,"[[""抹殺"", ""まっさつ"", 1]]",[],1,1,True,no additional critical defect found in sampled language review,,concern,P2 murder-comedy sense mismatches learner erasure/ignoring; P3 unresolved そういう日 and 瀰漫,例文集（Tanaka/SNOW）,,CC BY 2.0 FR,asserted metadata; original wording or source-page equality not independently checked,concern: public-release rights/attribution not completely demonstrated
km-145,m04-incident,抹殺,S2,km-145-2,decks/kotoba-mine/source/review/a2.json:180,news,抹殺,タダ乗りするやつは社会的に抹殺したい！,I want freeloaders to be wiped out socially!,wiping out; erasing,存在をすっかり消し去ること。,P2 murder-comedy sense mismatches learner erasure/ignoring; P3 unresolved そういう日 and 瀰漫,"[[""抹殺"", ""まっさつ"", 1]]",[],1,1,True,no additional critical defect found in sampled language review,,concern,P2 murder-comedy sense mismatches learner erasure/ignoring; P3 unresolved そういう日 and 瀰漫,diamond.jp,https://diamond.jp/articles/-/367817?page=4,web quotation (personal study),asserted metadata; original wording or source-page equality not independently checked,concern: public-release rights/attribution not completely demonstrated
km-145,m04-incident,抹殺,P1,km-145-m01;km-145-m02;km-145-m03,decks/kotoba-mine/source/mcd/preview.json:52,original,抹殺,独裁政権は、都合の悪い記録を次々と抹殺した。数十年後に見つかった一冊の日記が、消された歴史を語り始めている。,The dictatorship wiped out inconvenient records one after another. A single diary found decades later has begun to tell the history that was erased.,wiping out; erasing,存在をすっかり消し去ること。,P2 murder-comedy sense mismatches learner erasure/ignoring; P3 unresolved そういう日 and 瀰漫,"[[""抹殺"", ""まっさつ"", 1]]","[[""km-145-m02"", ""まっ""], [""km-145-m03"", ""さつ""]]",1,1,True,no additional critical defect found in sampled language review,,concern,P2 murder-comedy sense mismatches learner erasure/ignoring; P3 unresolved そういう日 and 瀰漫,書き下ろし（このデッキ用）,,Bunki original,asserted metadata; original wording or source-page equality not independently checked,"original label, authorship provenance not independently verified"
km-145,m04-incident,抹殺,P2,km-145-m04,decks/kotoba-mine/source/mcd/preview.json:58,news,抹殺,パワハラ、セクハラ、バカハラな上司を持った3人の部下が元詐欺師の指示の元、上司抹殺計画を実行するコメディ作品。きっと、みなさんが予想している結末で当たっています。,"A comedy in which three employees with bosses guilty of power harassment, sexual harassment and plain idiocy carry out a plot to bump off their bosses, under the direction of a former con man. You've probably guessed the ending, and you're right.",wiping out; erasing,存在をすっかり消し去ること。,P2 murder-comedy sense mismatches learner erasure/ignoring; P3 unresolved そういう日 and 瀰漫,"[[""抹殺"", ""まっさつ"", 1]]",[],1,1,True,no additional critical defect found in sampled language review,,concern,P2 murder-comedy sense mismatches learner erasure/ignoring; P3 unresolved そういう日 and 瀰漫,livedoor ニュース／MOVIE ENTER,http://news.livedoor.com/article/detail/6148636/,CC BY-ND 2.1 JP (livedoor),asserted metadata; original wording or source-page equality not independently checked,concern: public-release rights/attribution not completely demonstrated
km-145,m04-incident,抹殺,P3,km-145-m05,decks/kotoba-mine/source/mcd/preview.json:62,literature,抹殺,科学というものを知らずに毛ぎらいする人はそういう日をのろうかもしれない。しかし生命の不思議がほんとうに味わわれるのはその日からであろう。生命の物理的説明とは生命を抹殺する事ではなくて、逆に「物質の中に瀰漫する生命」を発見する事でなければならない。,"People who dislike science without knowing what it is may curse that day. But it is only from that day that the wonder of life can truly be savoured. A physical explanation of life must not mean wiping life out; on the contrary, it must mean discovering 'the life that pervades matter'.",wiping out; erasing,存在をすっかり消し去ること。,P2 murder-comedy sense mismatches learner erasure/ignoring; P3 unresolved そういう日 and 瀰漫,"[[""抹殺"", ""まっさつ"", 1]]",[],1,1,True,no additional critical defect found in sampled language review,,concern,P2 murder-comedy sense mismatches learner erasure/ignoring; P3 unresolved そういう日 and 瀰漫,青空文庫『春六題』寺田寅彦,https://www.aozora.gr.jp/cards/000042/,public domain (Aozora Bunko),asserted metadata; original wording or source-page equality not independently checked,concern: public-release rights/attribution not completely demonstrated
km-250,m05-politics,皇族,S1,km-250-1,decks/kotoba-mine/source/review/b4.json:306,news,皇族,皇族の養子縁組は現在は皇室典範で禁止されている。,Adoption by members of the imperial family is currently prohibited by the Imperial House Law.,member of the imperial family,天皇の一族として、皇室に属する人。,P1 wrongly attributes surname statement to Imperial House Law; P2 ruby 寛仁=かんにん and 皇族方=ほう,"[[""皇族"", ""こうぞく"", 1]]",[],1,1,True,no additional critical defect found in sampled language review,,concern,P1 wrongly attributes surname statement to Imperial House Law; P2 ruby 寛仁=かんにん and 皇族方=ほう,ja.wikinews.org,,CC BY 2.5,asserted metadata; original wording or source-page equality not independently checked,concern: public-release rights/attribution not completely demonstrated
km-250,m05-politics,皇族,S2,km-250-2,decks/kotoba-mine/source/review/b4.json:310,news,皇族,皇室の構成員が16人と減少し、若い皇族が少ない現状から公務や皇位継承の維持が危ぶまれています。,"With the imperial family down to 16 members and few young royals, there are fears for its official duties and the succession.",member of the imperial family,天皇の一族として、皇室に属する人。,P1 wrongly attributes surname statement to Imperial House Law; P2 ruby 寛仁=かんにん and 皇族方=ほう,"[[""皇族"", ""こうぞく"", 1]]",[],1,1,True,no additional critical defect found in sampled language review,,concern,P1 wrongly attributes surname statement to Imperial House Law; P2 ruby 寛仁=かんにん and 皇族方=ほう,diamondv.jp,https://www.diamondv.jp/article/kP8NKMbnKqfBJfAx2TxYec,web quotation (personal study),asserted metadata; original wording or source-page equality not independently checked,concern: public-release rights/attribution not completely demonstrated
km-250,m05-politics,皇族,P1,km-250-m01;km-250-m02;km-250-m03,decks/kotoba-mine/source/mcd/s5.json:682,original,皇族,女性の皇族は、一般の男性と結婚すると皇室を離れることになる。結婚後は夫の名字を名乗り、一般の国民として暮らしていく。皇室典範という法律で、そう定められているからだ。,"When a female member of the imperial family marries a commoner, she leaves the imperial household. After marriage she takes her husband's surname and lives as an ordinary citizen. This is because the Imperial House Law stipulates it.",member of the imperial family,天皇の一族として、皇室に属する人。,P1 wrongly attributes surname statement to Imperial House Law; P2 ruby 寛仁=かんにん and 皇族方=ほう,"[[""皇族"", ""こうぞく"", 1]]","[[""km-250-m02"", ""こう""], [""km-250-m03"", ""ぞく""]]",1,1,True,concern,Surname/legal-cause conflation; date/version of law unpinned.,concern,P1 wrongly attributes surname statement to Imperial House Law; P2 ruby 寛仁=かんにん and 皇族方=ほう,書き下ろし（このデッキ用）,,Bunki original,asserted metadata; original wording or source-page equality not independently checked,"original label, authorship provenance not independently verified"
km-250,m05-politics,皇族,P2,km-250-m04,decks/kotoba-mine/source/mcd/s5.json:688,news,皇族,産経によると、寛仁さまは1946年生。昭和天皇の末弟である三笠宮家・崇仁親王殿下のご長男で、天皇陛下の従兄弟（いとこ）に当たる。戦後の日本の皇族方で初となる国外留学でオックスフォード大学に行かれている。,"According to the Sankei, Prince Tomohito was born in 1946. He was the eldest son of Prince Takahito of the Mikasa house, youngest brother of Emperor Showa, and a cousin of the Emperor. He went to Oxford University, the first member of Japan's postwar imperial family to study abroad.",member of the imperial family,天皇の一族として、皇室に属する人。,P1 wrongly attributes surname statement to Imperial House Law; P2 ruby 寛仁=かんにん and 皇族方=ほう,"[[""皇族"", ""こうぞく"", 1]]",[],1,1,True,concern,寛仁 read かんにん instead of ともひと; 皇族方=ほう instead of がた.,concern,P1 wrongly attributes surname statement to Imperial House Law; P2 ruby 寛仁=かんにん and 皇族方=ほう,ja.wikinews.org,,CC BY 2.5 (Wikinews),asserted metadata; original wording or source-page equality not independently checked,concern: public-release rights/attribution not completely demonstrated
km-250,m05-politics,皇族,P3,km-250-m05,decks/kotoba-mine/source/mcd/s5.json:692,news,皇族,皇室の構成員が16人と減少し、若い皇族が少ない現状から公務や皇位継承の維持が危ぶまれています。,"With the imperial family down to 16 members and few young royals, there are fears for the continuation of official duties and of the imperial succession.",member of the imperial family,天皇の一族として、皇室に属する人。,P1 wrongly attributes surname statement to Imperial House Law; P2 ruby 寛仁=かんにん and 皇族方=ほう,"[[""皇族"", ""こうぞく"", 1]]",[],1,1,True,no additional critical defect found in sampled language review,,concern,P1 wrongly attributes surname statement to Imperial House Law; P2 ruby 寛仁=かんにん and 皇族方=ほう,diamondv.jp,https://www.diamondv.jp/article/kP8NKMbnKqfBJfAx2TxYec,web quotation (personal study),asserted metadata; original wording or source-page equality not independently checked,concern: public-release rights/attribution not completely demonstrated
km-254,m05-politics,男系,S1,km-254-1,decks/kotoba-mine/source/review/a3.json:262,qa,男系,皇位継承は男系男子でなければならない理由を教えて下さい。,Please tell me why the imperial throne must pass to a male of the male line.,male line (of descent),父から子へ、父方の血筋で続く家系。,P1 male-line law broadly plausible but current/history must be dated; P3 跡取りを受け継ぐ awkward wording,"[[""男系"", ""だんけい"", 1]]",[],1,1,True,no additional critical defect found in sampled language review,,concern,P1 male-line law broadly plausible but current/history must be dated; P3 跡取りを受け継ぐ awkward wording,detail.chiebukuro.yahoo.co.jp,https://detail.chiebukuro.yahoo.co.jp/qa/question_detail/q12329477037,web quotation (personal study),asserted metadata; original wording or source-page equality not independently checked,concern: public-release rights/attribution not completely demonstrated
km-254,m05-politics,男系,P1,km-254-m01;km-254-m02;km-254-m03,decks/kotoba-mine/source/mcd/s3.json:682,original,男系,明治以降の皇室典範では、皇位を継ぐのは男系の男子に限られている。父方をたどって歴代天皇につながる男性だけが、皇位継承の資格を持つということだ。,"Under the Imperial House Law since the Meiji era, the throne may pass only to males of the male line. In other words, only men who trace their descent through their fathers back to past emperors are eligible to succeed.",male line (of descent),父から子へ、父方の血筋で続く家系。,P1 male-line law broadly plausible but current/history must be dated; P3 跡取りを受け継ぐ awkward wording,"[[""男系"", ""だんけい"", 1]]","[[""km-254-m02"", ""だん""], [""km-254-m03"", ""けい""]]",1,1,True,no additional critical defect found in sampled language review,,concern,P1 male-line law broadly plausible but current/history must be dated; P3 跡取りを受け継ぐ awkward wording,書き下ろし（このデッキ用）,,Bunki original,asserted metadata; original wording or source-page equality not independently checked,"original label, authorship provenance not independently verified"
km-254,m05-politics,男系,P2,km-254-m04,decks/kotoba-mine/source/mcd/s3.json:688,news,男系,女性・女系天皇については、保守層に反発があり、反対や慎重な姿勢を求める発言や活動がなされている。朝日新聞は21日、保守系の文化人10人が「皇室典範を考える会」を結成し、男系相続を「有史以来の皇室の伝統」と位置づけ慎重な審議を要求する声明を出したと伝えた。,"Conservatives oppose a female emperor or an emperor of female lineage, and there have been statements and activities calling for opposition or caution. The Asahi Shimbun reported on the 21st that ten conservative cultural figures had formed the ""Association to Consider the Imperial House Law"" and issued a statement calling succession through the male line ""a tradition of the imperial family since the dawn of history"" and demanding careful deliberation.",male line (of descent),父から子へ、父方の血筋で続く家系。,P1 male-line law broadly plausible but current/history must be dated; P3 跡取りを受け継ぐ awkward wording,"[[""男系"", ""だんけい"", 1]]",[],1,1,True,no additional critical defect found in sampled language review,,concern,P1 male-line law broadly plausible but current/history must be dated; P3 跡取りを受け継ぐ awkward wording,ja.wikinews.org,,CC BY 2.5 (Wikinews),asserted metadata; original wording or source-page equality not independently checked,concern: public-release rights/attribution not completely demonstrated
km-254,m05-politics,男系,P3,km-254-m05,decks/kotoba-mine/source/mcd/s3.json:692,original,男系,その旧家では、跡取りは代々男系で受け継がれてきた。当主に娘しかいなかった代には、親戚の家から男の子を養子に迎えて家名と墓を守ったと伝えられている。,"In that old family, the heir has been passed down through the male line for generations. In the generation when the head of the house had only daughters, they adopted a boy from a relative's family to preserve the family name and grave, so it is said.",male line (of descent),父から子へ、父方の血筋で続く家系。,P1 male-line law broadly plausible but current/history must be dated; P3 跡取りを受け継ぐ awkward wording,"[[""男系"", ""だんけい"", 1]]",[],1,1,True,no additional critical defect found in sampled language review,,concern,P1 male-line law broadly plausible but current/history must be dated; P3 跡取りを受け継ぐ awkward wording,書き下ろし（このデッキ用）,,Bunki original,asserted metadata; original wording or source-page equality not independently checked,"original label, authorship provenance not independently verified"
km-255,m05-politics,相続,S1,km-255-1,decks/kotoba-mine/source/review/b4.json:316,example-bank,相続,長男がすべての財産を相続した。,The eldest son inherited all the property.,inheritance,亡くなった人の財産を家族などが受け継ぐこと。,Definition inheritance fits; S2 repeats 相続; P3 legal advice must be contextualized/datable,"[[""相続"", ""そうぞく"", 1]]",[],1,1,True,no additional critical defect found in sampled language review,,concern,Definition inheritance fits; S2 repeats 相続; P3 legal advice must be contextualized/datable,例文集（Tanaka/SNOW）,,CC BY 2.0 FR,asserted metadata; original wording or source-page equality not independently checked,concern: public-release rights/attribution not completely demonstrated
km-255,m05-politics,相続,S2,km-255-2,decks/kotoba-mine/source/review/b4.json:320,company,相続,相続放棄をした人は、初めから相続人とならなかったものとみなされます。,A person who renounces an inheritance is treated as never having been an heir.,inheritance,亡くなった人の財産を家族などが受け継ぐこと。,Definition inheritance fits; S2 repeats 相続; P3 legal advice must be contextualized/datable,"[[""相続"", ""そうぞく"", 1]]",[],2,1,True,concern,Target occurs twice; only first gap masked.,concern,Definition inheritance fits; S2 repeats 相続; P3 legal advice must be contextualized/datable,www.sgho.jp,https://www.sgho.jp/blog/%E7%9B%B8%E7%B6%9Aqa/262,web quotation (personal study),asserted metadata; original wording or source-page equality not independently checked,concern: public-release rights/attribution not completely demonstrated
km-255,m05-politics,相続,P1,km-255-m01;km-255-m02;km-255-m03,decks/kotoba-mine/source/mcd/s4.json:666,original,相続,父が亡くなって、実家の土地と家を兄と私で相続することになった。誰も住む予定のない家をどうするのか、話し合いは半年たった今もまとまっていない。,"When our father died, my brother and I were to inherit the family home and its land. Six months on, we still haven't agreed on what to do with a house nobody plans to live in.",inheritance,亡くなった人の財産を家族などが受け継ぐこと。,Definition inheritance fits; S2 repeats 相続; P3 legal advice must be contextualized/datable,"[[""相続"", ""そうぞく"", 1]]","[[""km-255-m02"", ""そう""], [""km-255-m03"", ""ぞく""]]",1,1,True,no additional critical defect found in sampled language review,,concern,Definition inheritance fits; S2 repeats 相続; P3 legal advice must be contextualized/datable,書き下ろし（このデッキ用）,,Bunki original,asserted metadata; original wording or source-page equality not independently checked,"original label, authorship provenance not independently verified"
km-255,m05-politics,相続,P2,km-255-m04,decks/kotoba-mine/source/mcd/s4.json:672,wiki,相続,1855年春と1856年夏に、妻イェニーの伯父と母が相次いで死去した。とくに母の死はイェニーを悲しませたが、イェニーがその遺産の一部を相続したため、マルクス家の家計は楽になった。,"In spring 1855 and summer 1856, the uncle and the mother of Marx's wife Jenny died one after the other. Her mother's death in particular grieved Jenny, but because she inherited part of the estate, the Marx household's finances eased.",inheritance,亡くなった人の財産を家族などが受け継ぐこと。,Definition inheritance fits; S2 repeats 相続; P3 legal advice must be contextualized/datable,"[[""相続"", ""そうぞく"", 1]]",[],1,1,True,no additional critical defect found in sampled language review,,concern,Definition inheritance fits; S2 repeats 相続; P3 legal advice must be contextualized/datable,ja.wikipedia.org,,CC BY-SA (Wikipedia),asserted metadata; original wording or source-page equality not independently checked,concern: public-release rights/attribution not completely demonstrated
km-255,m05-politics,相続,P3,km-255-m05,decks/kotoba-mine/source/mcd/s4.json:676,news,相続,事実婚のメリットは、どちらか一方にのみ改姓を強いることがない点。嫁扱い、婿扱いされにくいこと。デメリットは、相続権が無いので遺言書を夫婦二人とも作ることは必須。,"The advantage of a common-law marriage is that neither partner is forced to change their surname, and you are less likely to be treated as 'the bride' or 'the son-in-law' of the family. The disadvantage is that there are no inheritance rights, so it's essential for both partners to write a will.",inheritance,亡くなった人の財産を家族などが受け継ぐこと。,Definition inheritance fits; S2 repeats 相続; P3 legal advice must be contextualized/datable,"[[""相続"", ""そうぞく"", 1]]",[],1,1,True,no additional critical defect found in sampled language review,,concern,Definition inheritance fits; S2 repeats 相続; P3 legal advice must be contextualized/datable,livedoor ニュース／独女通信,http://news.livedoor.com/article/detail/6349979/,CC BY-ND 2.1 JP (livedoor),asserted metadata; original wording or source-page equality not independently checked,concern: public-release rights/attribution not completely demonstrated
km-256,m05-politics,規定,S1,km-256-1,decks/kotoba-mine/source/review/b1.json:352,example-bank,規定,志願者は女性に限ると規定されている。,It is stipulated that applicants must be women.,provision; rule,決まりとしてはっきり定めたこと。,S2 lower-house precedence overgeneralized; P2 old exchange news/date and huge figures; P3 single sentence,"[[""規定"", ""きてい"", 1]]",[],1,1,True,no additional critical defect found in sampled language review,,concern,S2 lower-house precedence overgeneralized; P2 old exchange news/date and huge figures; P3 single sentence,例文集（Tanaka/SNOW）,,CC BY 2.0 FR,asserted metadata; original wording or source-page equality not independently checked,concern: public-release rights/attribution not completely demonstrated
km-256,m05-politics,規定,S2,km-256-2,decks/kotoba-mine/source/review/b1.json:356,example-bank,規定,憲法の規定に従い衆院の議決が参院に優越する。,"Under the provisions of the Constitution, decisions of the House of Representatives take precedence over those of the House of Councillors.",provision; rule,決まりとしてはっきり定めたこと。,S2 lower-house precedence overgeneralized; P2 old exchange news/date and huge figures; P3 single sentence,"[[""規定"", ""きてい"", 1]]",[],1,1,True,no additional critical defect found in sampled language review,,concern,S2 lower-house precedence overgeneralized; P2 old exchange news/date and huge figures; P3 single sentence,例文集（Tanaka/SNOW）,,CC BY 2.0 FR,asserted metadata; original wording or source-page equality not independently checked,concern: public-release rights/attribution not completely demonstrated
km-256,m05-politics,規定,S3,km-256-3,decks/kotoba-mine/source/review/b1.json:360,example-bank,規定,小麦の輸入禁止が法律で規定された。,A ban on wheat imports was laid down by law.,provision; rule,決まりとしてはっきり定めたこと。,S2 lower-house precedence overgeneralized; P2 old exchange news/date and huge figures; P3 single sentence,"[[""規定"", ""きてい"", 1]]",[],1,1,True,no additional critical defect found in sampled language review,,concern,S2 lower-house precedence overgeneralized; P2 old exchange news/date and huge figures; P3 single sentence,例文集（Tanaka/SNOW）,,CC BY 2.0 FR,asserted metadata; original wording or source-page equality not independently checked,concern: public-release rights/attribution not completely demonstrated
km-256,m05-politics,規定,P1,km-256-m01;km-256-m02;km-256-m03,decks/kotoba-mine/source/mcd/s5.json:698,original,規定,この大会では、選手が使うラケットの大きさや重さに細かい規定がある。試合前に審判が一本ずつ確かめ、少しでも基準を外れていれば使用は認められない。,"In this tournament there are detailed rules on the size and weight of the rackets players use. Before each match the umpire checks them one by one, and if a racket falls even slightly outside the standard, it may not be used.",provision; rule,決まりとしてはっきり定めたこと。,S2 lower-house precedence overgeneralized; P2 old exchange news/date and huge figures; P3 single sentence,"[[""規定"", ""きてい"", 1]]","[[""km-256-m02"", ""き""], [""km-256-m03"", ""てい""]]",1,1,True,no additional critical defect found in sampled language review,,concern,S2 lower-house precedence overgeneralized; P2 old exchange news/date and huge figures; P3 single sentence,書き下ろし（このデッキ用）,,Bunki original,asserted metadata; original wording or source-page equality not independently checked,"original label, authorship provenance not independently verified"
km-256,m05-politics,規定,P2,km-256-m04,decks/kotoba-mine/source/mcd/s5.json:704,news,規定,1月18日のアスキー24の報道によると、東京証券取引所は同日、株式の売買注文、並びに約定件数が増加し、システムの処理可能件数を越える可能性があるため、午後2時40分以後株式の売買を業務規定第29条第4号に基づいて全面停止した。午後2時25分時点では注文が700万件程度、約定は400万件程度あった。,"According to an ASCII24 report of January 18, the Tokyo Stock Exchange that day halted all stock trading from 2:40 p.m. under Article 29, Item 4 of its business regulations, because the number of buy and sell orders and executed trades had increased and might exceed the system's processing capacity. As of 2:25 p.m. there had been some 7 million orders and around 4 million executions.",provision; rule,決まりとしてはっきり定めたこと。,S2 lower-house precedence overgeneralized; P2 old exchange news/date and huge figures; P3 single sentence,"[[""規定"", ""きてい"", 1]]",[],1,1,True,no additional critical defect found in sampled language review,,concern,S2 lower-house precedence overgeneralized; P2 old exchange news/date and huge figures; P3 single sentence,ja.wikinews.org,,CC BY 2.5 (Wikinews),asserted metadata; original wording or source-page equality not independently checked,concern: public-release rights/attribution not completely demonstrated
km-256,m05-politics,規定,P3,km-256-m05,decks/kotoba-mine/source/mcd/s5.json:708,example-bank,規定,志願者は女性に限ると規定されている。,It is stipulated that applicants are limited to women.,provision; rule,決まりとしてはっきり定めたこと。,S2 lower-house precedence overgeneralized; P2 old exchange news/date and huge figures; P3 single sentence,"[[""規定"", ""きてい"", 1]]",[],1,1,True,no additional critical defect found in sampled language review,,concern,S2 lower-house precedence overgeneralized; P2 old exchange news/date and huge figures; P3 single sentence,例文集（Tanaka/SNOW）,,CC BY 2.0 FR,asserted metadata; original wording or source-page equality not independently checked,concern: public-release rights/attribution not completely demonstrated
km-252,m05-politics,皇室,S1,km-252-1,decks/kotoba-mine/source/review/b2.json:302,news,皇室,皇室にとって皇位継承の安定と皇族数確保は20年来、「喫緊の課題」であり続けた。,"For the imperial family, stable succession to the throne and keeping up the number of imperial family members have been an urgent issue for 20 years.",the imperial family (institution),天皇とその一族をまとめていう言葉。,"P2 repeats 皇室, birth subject omitted and dates absent; P3 history/names overload","[[""皇室"", ""こうしつ"", 1]]",[],1,1,True,no additional critical defect found in sampled language review,,concern,"P2 repeats 皇室, birth subject omitted and dates absent; P3 history/names overload",47news.jp,https://www.47news.jp/14873883.html,web quotation (personal study),asserted metadata; original wording or source-page equality not independently checked,concern: public-release rights/attribution not completely demonstrated
km-252,m05-politics,皇室,S2,km-252-2,decks/kotoba-mine/source/review/b2.json:306,wiki,皇室,最澄によって日本に伝えられた天台宗は、明治維新までは皇室の厚い尊崇を受けた。,"The Tendai school, brought to Japan by Saicho, was deeply revered by the imperial family until the Meiji Restoration.",the imperial family (institution),天皇とその一族をまとめていう言葉。,"P2 repeats 皇室, birth subject omitted and dates absent; P3 history/names overload","[[""皇室"", ""こうしつ"", 1]]",[],1,1,True,no additional critical defect found in sampled language review,,concern,"P2 repeats 皇室, birth subject omitted and dates absent; P3 history/names overload",ja.wikipedia.org,,CC BY-SA (Wikipedia),asserted metadata; original wording or source-page equality not independently checked,concern: public-release rights/attribution not completely demonstrated
km-252,m05-politics,皇室,P1,km-252-m01;km-252-m02;km-252-m03,decks/kotoba-mine/source/mcd/s1.json:700,original,皇室,皇室の方々が被災地を訪れ、避難所で暮らす人々一人ひとりに膝をついて声をかけられた。テレビでその様子を見た祖母は、「ありがたいねえ」と目を細めた。,"Members of the imperial family visited the disaster area and knelt to speak to each of the people living in the evacuation shelters. My grandmother, watching it on TV, smiled warmly and said, ""How kind of them.""",the imperial family (institution),天皇とその一族をまとめていう言葉。,"P2 repeats 皇室, birth subject omitted and dates absent; P3 history/names overload","[[""皇室"", ""こうしつ"", 1]]","[[""km-252-m02"", ""こう""], [""km-252-m03"", ""しつ""]]",1,1,True,no additional critical defect found in sampled language review,,concern,"P2 repeats 皇室, birth subject omitted and dates absent; P3 history/names overload",書き下ろし（このデッキ用）,,Bunki original,asserted metadata; original wording or source-page equality not independently checked,"original label, authorship provenance not independently verified"
km-252,m05-politics,皇室,P2,km-252-m04,decks/kotoba-mine/source/mcd/s1.json:706,news,皇室,共同通信社と時事通信社によると、男児が生まれれば皇室で41年ぶり。女児が生まれれば同じく5年ぶりの出産となる。また、皇室で帝王切開で出産するのは初めてであり、民間病院での出産も初めてである。,"According to Kyodo News and Jiji Press, if a boy is born it will be the first for the imperial family in 41 years; if a girl, the first birth in 5 years. It will also be the first time a member of the imperial family has given birth by caesarean section, and the first birth in a private hospital.",the imperial family (institution),天皇とその一族をまとめていう言葉。,"P2 repeats 皇室, birth subject omitted and dates absent; P3 history/names overload","[[""皇室"", ""こうしつ"", 1]]",[],2,1,True,concern,Second 皇室 remains visible; unnamed pregnancy subject.,concern,"P2 repeats 皇室, birth subject omitted and dates absent; P3 history/names overload",ja.wikinews.org,,CC BY 2.5 (Wikinews),asserted metadata; original wording or source-page equality not independently checked,concern: public-release rights/attribution not completely demonstrated
km-252,m05-politics,皇室,P3,km-252-m05,decks/kotoba-mine/source/mcd/s1.json:710,wiki,皇室,1925年（大正14年）には加藤高明内閣下で普通選挙法が成立したが、同時にロシア革命の勃発による国内での社会主義・共産主義思想の台頭への警戒感から治安維持法が制定された。言論界も活況を呈して、皇室を有する君主制と民主主義を折衷しようとした吉野作造の民本主義や美濃部達吉の天皇機関説などが現れた。,"In 1925 (Taisho 14), under the Kato Takaaki cabinet, the Universal Suffrage Law was passed, but at the same time, out of wariness about the rise of socialist and communist ideas in Japan following the Russian Revolution, the Peace Preservation Law was enacted. The press also flourished, and ideas such as Yoshino Sakuzo's minponshugi, which tried to reconcile a monarchy with an imperial house and democracy, and Minobe Tatsukichi's emperor-organ theory appeared.",the imperial family (institution),天皇とその一族をまとめていう言葉。,"P2 repeats 皇室, birth subject omitted and dates absent; P3 history/names overload","[[""皇室"", ""こうしつ"", 1]]",[],1,1,True,no additional critical defect found in sampled language review,,concern,"P2 repeats 皇室, birth subject omitted and dates absent; P3 history/names overload",ja.wikipedia.org,,CC BY-SA (Wikipedia),asserted metadata; original wording or source-page equality not independently checked,concern: public-release rights/attribution not completely demonstrated
km-317,m05-politics,定例,S1,km-317-1,decks/kotoba-mine/source/review/b2.json:410,company,定例,定例会議はチームの現状を共有するなど、企業にとって大切です。,"Regular meetings are important for a company, for example for sharing how the team is doing.",regular (scheduled),いつも決まった時期に行うもの。,S2 WRIME NC-ND translated and public redistribution not cleared; P2 date-relative old news; P3 missing page URL,"[[""定例"", ""ていれい"", 1]]",[],1,1,True,no additional critical defect found in sampled language review,,concern,S2 WRIME NC-ND translated and public redistribution not cleared; P2 date-relative old news; P3 missing page URL,slack.com,https://slack.com/intl/ja-jp/blog/collaboration/the-intention-of-having-regular-meetings,web quotation (personal study),asserted metadata; original wording or source-page equality not independently checked,concern: public-release rights/attribution not completely demonstrated
km-317,m05-politics,定例,S2,km-317-2,decks/kotoba-mine/source/review/b2.json:414,social,定例,Zoomで定例会議やったけど、信頼関係があるから何の問題もないな。,"We had our regular meeting on Zoom, but since we trust each other there were no problems at all.",regular (scheduled),いつも決まった時期に行うもの。,S2 WRIME NC-ND translated and public redistribution not cleared; P2 date-relative old news; P3 missing page URL,"[[""定例"", ""ていれい"", 1]]",[],1,1,True,concern,WRIME NC-ND translated; public distribution clearance missing.,concern,S2 WRIME NC-ND translated and public redistribution not cleared; P2 date-relative old news; P3 missing page URL,SNS投稿（WRIME）,,CC BY-NC-ND 4.0,WRIME owner licence verified; clearance missing,concern: public-release rights/attribution not completely demonstrated
km-317,m05-politics,定例,P1,km-317-m01;km-317-m02;km-317-m03,decks/kotoba-mine/source/mcd/s6.json:860,original,定例,毎週月曜日の朝には、部署の定例会議が開かれる。先週の売り上げや今週の予定を共有するだけの短い会議だが、全員が顔を合わせる貴重な機会になっている。,"Every Monday morning the department holds its regular meeting. It's a short meeting just for sharing last week's sales and this week's schedule, but it's a valuable chance for everyone to see each other face to face.",regular (scheduled),いつも決まった時期に行うもの。,S2 WRIME NC-ND translated and public redistribution not cleared; P2 date-relative old news; P3 missing page URL,"[[""定例"", ""ていれい"", 1]]","[[""km-317-m02"", ""てい""], [""km-317-m03"", ""れい""]]",1,1,True,no additional critical defect found in sampled language review,,concern,S2 WRIME NC-ND translated and public redistribution not cleared; P2 date-relative old news; P3 missing page URL,書き下ろし（このデッキ用）,,Bunki original,asserted metadata; original wording or source-page equality not independently checked,"original label, authorship provenance not independently verified"
km-317,m05-politics,定例,P2,km-317-m04,decks/kotoba-mine/source/mcd/s6.json:866,news,定例,東京都は2月12日（UTC+9、以下同様）の定例会見で、中国からジャイアントパンダ（以下、パンダ）のつがい2頭を借り受け、都立上野動物園で飼育することを発表した。時期は2011年の早い時期としている。,"At its regular press conference on February 12 (UTC+9, same below), the Tokyo Metropolitan Government announced that it would borrow a pair of giant pandas (hereafter, pandas) from China and keep them at the metropolitan Ueno Zoo. The timing is to be early 2011.",regular (scheduled),いつも決まった時期に行うもの。,S2 WRIME NC-ND translated and public redistribution not cleared; P2 date-relative old news; P3 missing page URL,"[[""定例"", ""ていれい"", 1]]",[],1,1,True,no additional critical defect found in sampled language review,,concern,S2 WRIME NC-ND translated and public redistribution not cleared; P2 date-relative old news; P3 missing page URL,ja.wikinews.org,,CC BY 2.5 (Wikinews),asserted metadata; original wording or source-page equality not independently checked,concern: public-release rights/attribution not completely demonstrated
km-317,m05-politics,定例,P3,km-317-m05,decks/kotoba-mine/source/mcd/s6.json:870,wiki,定例,2014年7月10日、JR東海社長の柘植康英は大阪市内で開いた定例会見で「滋賀県内の新幹線新駅は整理が済んだ話。もう終わった」と述べ、新駅設置の可能性にきわめて否定的な見解を示した。,"On July 10, 2014, JR Central president Koei Tsuge said at a regular press conference held in Osaka, ""A new Shinkansen station in Shiga Prefecture is a settled matter. It's over,"" expressing an extremely negative view of the possibility of building a new station.",regular (scheduled),いつも決まった時期に行うもの。,S2 WRIME NC-ND translated and public redistribution not cleared; P2 date-relative old news; P3 missing page URL,"[[""定例"", ""ていれい"", 1]]",[],1,1,True,no additional critical defect found in sampled language review,,concern,S2 WRIME NC-ND translated and public redistribution not cleared; P2 date-relative old news; P3 missing page URL,ja.wikipedia.org,,CC BY-SA (Wikipedia),asserted metadata; original wording or source-page equality not independently checked,concern: public-release rights/attribution not completely demonstrated
km-314,m06-works,訴額,S1,km-314-1,decks/kotoba-mine/source/review/a2.json:318,company,訴額,労働審判の訴額はどう算定されるのか。,How is the amount claimed calculated in a labor tribunal?,amount claimed in a lawsuit,裁判で相手に求める金額などの価値。,140万円 is ordinary first-instance rule but categorical wording omits exceptions; S1/P3 bare question,"[[""訴額"", ""そがく"", 1]]",[],1,1,True,no additional critical defect found in sampled language review,,concern,140万円 is ordinary first-instance rule but categorical wording omits exceptions; S1/P3 bare question,www.y-klaw.com,https://www.y-klaw.com/faq1/701.html,web quotation (personal study),asserted metadata; original wording or source-page equality not independently checked,concern: public-release rights/attribution not completely demonstrated
km-314,m06-works,訴額,P1,km-314-m01;km-314-m02;km-314-m03,decks/kotoba-mine/source/mcd/s3.json:852,original,訴額,訴額が百四十万円以下の民事裁判は簡易裁判所、それを超えるものは地方裁判所が扱う。裁判所に納める手数料も、この金額に応じて段階的に決まる仕組みになっている。,"Civil cases with an amount in controversy of 1.4 million yen or less are handled by summary courts, and those above that by district courts. The fees paid to the court are also set on a sliding scale according to this amount.",amount claimed in a lawsuit,裁判で相手に求める金額などの価値。,140万円 is ordinary first-instance rule but categorical wording omits exceptions; S1/P3 bare question,"[[""訴額"", ""そがく"", 1]]","[[""km-314-m02"", ""そ""], [""km-314-m03"", ""がく""]]",1,1,True,concern,Numerical threshold correct for ordinary first instance; qualify 原則 and cite exceptions.,concern,140万円 is ordinary first-instance rule but categorical wording omits exceptions; S1/P3 bare question,書き下ろし（このデッキ用）,,Bunki original,asserted metadata; original wording or source-page equality not independently checked,"original label, authorship provenance not independently verified"
km-314,m06-works,訴額,P2,km-314-m04,decks/kotoba-mine/source/mcd/s3.json:858,original,訴額,元社員が未払いの残業代などを求めて会社を訴えた裁判は、訴額が一億円を超える異例の規模となった。会社側は全面的に争う姿勢を示しており、審理は長期化しそうだ。,"The lawsuit filed by former employees against the company over unpaid overtime and other claims has reached an unusual scale, with the amount claimed exceeding 100 million yen. The company has signaled that it will fight the case on all counts, and the proceedings look set to drag on.",amount claimed in a lawsuit,裁判で相手に求める金額などの価値。,140万円 is ordinary first-instance rule but categorical wording omits exceptions; S1/P3 bare question,"[[""訴額"", ""そがく"", 1]]",[],1,1,True,no additional critical defect found in sampled language review,,concern,140万円 is ordinary first-instance rule but categorical wording omits exceptions; S1/P3 bare question,書き下ろし（このデッキ用）,,Bunki original,asserted metadata; original wording or source-page equality not independently checked,"original label, authorship provenance not independently verified"
km-314,m06-works,訴額,P3,km-314-m05,decks/kotoba-mine/source/mcd/s3.json:864,company,訴額,労働審判の訴額はどう算定されるのか。,How is the amount in controversy calculated in a labor tribunal?,amount claimed in a lawsuit,裁判で相手に求める金額などの価値。,140万円 is ordinary first-instance rule but categorical wording omits exceptions; S1/P3 bare question,"[[""訴額"", ""そがく"", 1]]",[],1,1,True,no additional critical defect found in sampled language review,,concern,140万円 is ordinary first-instance rule but categorical wording omits exceptions; S1/P3 bare question,www.y-klaw.com,https://www.y-klaw.com/faq1/701.html,web quotation (personal study),asserted metadata; original wording or source-page equality not independently checked,concern: public-release rights/attribution not completely demonstrated
km-307,m06-works,施工,S1,km-307-1,decks/kotoba-mine/source/review/b3.json:392,tatoeba,施工,レンガ職人が壁を施工している。,A bricklayer is building a wall.,construction work,建物や道路などの工事を実際に行うこと。,Target せこう valid; workmanship sense visible; written scenarios pass editorial judgment,"[[""施工"", ""せこう"", 1]]",[],1,1,True,no additional critical defect found in sampled language review,,concern,Target せこう valid; workmanship sense visible; written scenarios pass editorial judgment,Tatoeba,https://tatoeba.org/ja/sentences/show/11510683,CC BY 2.0 FR (Tatoeba),asserted metadata; original wording or source-page equality not independently checked,concern: public-release rights/attribution not completely demonstrated
km-307,m06-works,施工,S2,km-307-2,decks/kotoba-mine/source/review/b3.json:396,company,施工,施工不良の原因としては、スケジュールの圧迫、材料の品質不足、作業員のスキル不足が挙げられます。,"Causes of poor workmanship include tight schedules, low-quality materials, and workers lacking skill.",construction work,建物や道路などの工事を実際に行うこと。,Target せこう valid; workmanship sense visible; written scenarios pass editorial judgment,"[[""施工"", ""せこう"", 1]]",[],1,1,True,no additional critical defect found in sampled language review,,concern,Target せこう valid; workmanship sense visible; written scenarios pass editorial judgment,aippearcloud.com,https://aippearcloud.com/sekohuryo/,web quotation (personal study),asserted metadata; original wording or source-page equality not independently checked,concern: public-release rights/attribution not completely demonstrated
km-307,m06-works,施工,P1,km-307-m01;km-307-m02;km-307-m03,decks/kotoba-mine/source/mcd/s2.json:840,original,施工,新しい市民会館の建設工事は、地元の建設会社が施工を請け負った。設計どおりに工事が進んでいるかを確かめるため、市の担当者が月に一度、現場を見て回っている。,"A local construction company was contracted to carry out the construction of the new civic hall. To check that the work is going according to the design, city officials inspect the site once a month.",construction work,建物や道路などの工事を実際に行うこと。,Target せこう valid; workmanship sense visible; written scenarios pass editorial judgment,"[[""施工"", ""せこう"", 1]]","[[""km-307-m02"", ""せ""], [""km-307-m03"", ""こう""]]",1,1,True,no additional critical defect found in sampled language review,,concern,Target せこう valid; workmanship sense visible; written scenarios pass editorial judgment,書き下ろし（このデッキ用）,,Bunki original,asserted metadata; original wording or source-page equality not independently checked,"original label, authorship provenance not independently verified"
km-307,m06-works,施工,P2,km-307-m04,decks/kotoba-mine/source/mcd/s2.json:846,original,施工,同じ設計図で建てた家でも、施工する職人の腕によって仕上がりは大きく変わる。壁のわずかな隙間や床の傾きが、十年後の住み心地を左右することもある。,Even houses built from the same plans can turn out very differently depending on the skill of the craftsmen who build them. A tiny gap in a wall or a slight slope in the floor can affect how comfortable the house is to live in ten years later.,construction work,建物や道路などの工事を実際に行うこと。,Target せこう valid; workmanship sense visible; written scenarios pass editorial judgment,"[[""施工"", ""せこう"", 1]]",[],1,1,True,no additional critical defect found in sampled language review,,concern,Target せこう valid; workmanship sense visible; written scenarios pass editorial judgment,書き下ろし（このデッキ用）,,Bunki original,asserted metadata; original wording or source-page equality not independently checked,"original label, authorship provenance not independently verified"
km-307,m06-works,施工,P3,km-307-m05,decks/kotoba-mine/source/mcd/s2.json:852,company,施工,施工不良の原因としては、スケジュールの圧迫、材料の品質不足、作業員のスキル不足が挙げられます。,"Causes of defective construction work include tight schedules, poor-quality materials and a lack of skill among workers.",construction work,建物や道路などの工事を実際に行うこと。,Target せこう valid; workmanship sense visible; written scenarios pass editorial judgment,"[[""施工"", ""せこう"", 1]]",[],1,1,True,no additional critical defect found in sampled language review,,concern,Target せこう valid; workmanship sense visible; written scenarios pass editorial judgment,aippearcloud.com,https://aippearcloud.com/sekohuryo/,web quotation (personal study),asserted metadata; original wording or source-page equality not independently checked,concern: public-release rights/attribution not completely demonstrated
km-170,m06-works,動線計画,S1,km-170-1,decks/kotoba-mine/source/review/a2.json:202,company,動線計画,キッチンは家事の中心となるため、効率的な動線計画が大切です。,"The kitchen is the center of housework, so efficient flow planning is important.",flow planning (of movement),建物の中で人がどう動くかを考えて通り道を決めること。,Sense/readings pass; P2 hospital infection statement uncited; P3 single sentence,"[[""動線計画"", ""どうせんけいかく"", 1]]",[],1,1,True,no additional critical defect found in sampled language review,,concern,Sense/readings pass; P2 hospital infection statement uncited; P3 single sentence,aerahome.com,https://aerahome.com/column/plannig/250528124/,web quotation (personal study),asserted metadata; original wording or source-page equality not independently checked,concern: public-release rights/attribution not completely demonstrated
km-170,m06-works,動線計画,P1,km-170-m01;km-170-m02;km-170-m03;km-170-m04;km-170-m05,decks/kotoba-mine/source/mcd/s3.json:444,original,動線計画,家を建てるとき、間取りの見た目ばかりに気を取られがちだが、大切なのは動線計画だ。台所から洗面所、物干し場までが一直線につながっていれば、毎日の家事はぐっと楽になる。,"When building a house, it's easy to get caught up in how the floor plan looks, but what matters is planning how people move through it. If the kitchen, washroom and laundry-drying area are connected in a straight line, daily housework becomes much easier.",flow planning (of movement),建物の中で人がどう動くかを考えて通り道を決めること。,Sense/readings pass; P2 hospital infection statement uncited; P3 single sentence,"[[""動線計画"", ""どうせんけいかく"", 1]]","[[""km-170-m02"", ""どう""], [""km-170-m03"", ""せん""], [""km-170-m04"", ""けい""], [""km-170-m05"", ""かく""]]",1,1,True,no additional critical defect found in sampled language review,,concern,Sense/readings pass; P2 hospital infection statement uncited; P3 single sentence,書き下ろし（このデッキ用）,,Bunki original,asserted metadata; original wording or source-page equality not independently checked,"original label, authorship provenance not independently verified"
km-170,m06-works,動線計画,P2,km-170-m06,decks/kotoba-mine/source/mcd/s3.json:450,original,動線計画,新しい病院では、患者と職員、食事を運ぶワゴンが廊下で交わらないよう、設計の段階から動線計画が練られた。混雑が減り、院内感染の防止にも役立っているという。,"At the new hospital, the circulation plan was worked out from the design stage so that patients, staff and meal carts would not cross paths in the corridors. It has reduced congestion and is said to help prevent in-hospital infections as well.",flow planning (of movement),建物の中で人がどう動くかを考えて通り道を決めること。,Sense/readings pass; P2 hospital infection statement uncited; P3 single sentence,"[[""動線計画"", ""どうせんけいかく"", 1]]",[],1,1,True,no additional critical defect found in sampled language review,,concern,Sense/readings pass; P2 hospital infection statement uncited; P3 single sentence,書き下ろし（このデッキ用）,,Bunki original,asserted metadata; original wording or source-page equality not independently checked,"original label, authorship provenance not independently verified"
km-170,m06-works,動線計画,P3,km-170-m07,decks/kotoba-mine/source/mcd/s3.json:456,company,動線計画,キッチンは家事の中心となるため、効率的な動線計画が大切です。,"The kitchen is the center of housework, so efficient flow planning is important.",flow planning (of movement),建物の中で人がどう動くかを考えて通り道を決めること。,Sense/readings pass; P2 hospital infection statement uncited; P3 single sentence,"[[""動線計画"", ""どうせんけいかく"", 1]]",[],1,1,True,no additional critical defect found in sampled language review,,concern,Sense/readings pass; P2 hospital infection statement uncited; P3 single sentence,aerahome.com,https://aerahome.com/column/plannig/250528124/,web quotation (personal study),asserted metadata; original wording or source-page equality not independently checked,concern: public-release rights/attribution not completely demonstrated
km-306,m06-works,事前に必要,S1,km-306-1,decks/kotoba-mine/source/review/a2.json:308,gov,事前に必要,入院することになりましたが、事前に必要な手続きはありますか？,I have to be hospitalized. Are there any procedures I need to complete in advance?,required in advance,何かをする前に済ませておかなければならないこと。,Phrase not lexical prerequisite noun; definition emphasizes completed steps while phrase means required beforehand,"[[""事前に必要"", ""じぜんにひつよう"", 1]]",[],1,1,True,no additional critical defect found in sampled language review,,concern,Phrase not lexical prerequisite noun; definition emphasizes completed steps while phrase means required beforehand,www.city.kyotanabe.lg.jp,https://www.city.kyotanabe.lg.jp/faq/faq_detail.php?co=cat&frmId=146&frmCd=4-2-0-0-0,web quotation (personal study),asserted metadata; original wording or source-page equality not independently checked,concern: public-release rights/attribution not completely demonstrated
km-306,m06-works,事前に必要,S2,km-306-2,decks/kotoba-mine/source/review/a2.json:312,gov,事前に必要,金沢市インターネット公売への参加条件と事前に必要な手続きについて説明します。,This explains the requirements for taking part in Kanazawa City's online public auctions and the procedures required in advance.,required in advance,何かをする前に済ませておかなければならないこと。,Phrase not lexical prerequisite noun; definition emphasizes completed steps while phrase means required beforehand,"[[""事前に必要"", ""じぜんにひつよう"", 1]]",[],1,1,True,no additional critical defect found in sampled language review,,concern,Phrase not lexical prerequisite noun; definition emphasizes completed steps while phrase means required beforehand,www4.city.kanazawa.lg.jp,https://www4.city.kanazawa.lg.jp/soshikikarasagasu/zeimuka/gyomuannai/1/1/1892/4320.html,web quotation (personal study),asserted metadata; original wording or source-page equality not independently checked,concern: public-release rights/attribution not completely demonstrated
km-306,m06-works,事前に必要,P1,km-306-m01;km-306-m02;km-306-m03;km-306-m04;km-306-m05,decks/kotoba-mine/source/mcd/s1.json:850,original,事前に必要,行き先の国によっては、ビザの取得が事前に必要になる。申請から発給まで数週間かかることもあるので、航空券を買う前に大使館のホームページで確認しておこう。,"Depending on the country you are going to, you may need to obtain a visa in advance. It can take several weeks from application to issue, so check the embassy's website before you buy your plane ticket.",required in advance,何かをする前に済ませておかなければならないこと。,Phrase not lexical prerequisite noun; definition emphasizes completed steps while phrase means required beforehand,"[[""事前に必要"", ""じぜんにひつよう"", 1]]","[[""km-306-m02"", ""じ""], [""km-306-m03"", ""ぜん""], [""km-306-m04"", ""ひつ""], [""km-306-m05"", ""よう""]]",1,1,True,no additional critical defect found in sampled language review,,concern,Phrase not lexical prerequisite noun; definition emphasizes completed steps while phrase means required beforehand,書き下ろし（このデッキ用）,,Bunki original,asserted metadata; original wording or source-page equality not independently checked,"original label, authorship provenance not independently verified"
km-306,m06-works,事前に必要,P2,km-306-m06,decks/kotoba-mine/source/mcd/s1.json:856,original,事前に必要,市民ホールの会議室を借りるには、利用者登録が事前に必要です。登録は窓口で十分ほどで済み、運転免許証などの身分証明書を一点お持ちいただくだけで構いません。,"To rent a meeting room at the civic hall, you need to register as a user in advance. Registration takes about ten minutes at the counter, and all you need to bring is one form of ID such as a driver's licence.",required in advance,何かをする前に済ませておかなければならないこと。,Phrase not lexical prerequisite noun; definition emphasizes completed steps while phrase means required beforehand,"[[""事前に必要"", ""じぜんにひつよう"", 1]]",[],1,1,True,no additional critical defect found in sampled language review,,concern,Phrase not lexical prerequisite noun; definition emphasizes completed steps while phrase means required beforehand,書き下ろし（このデッキ用）,,Bunki original,asserted metadata; original wording or source-page equality not independently checked,"original label, authorship provenance not independently verified"
km-306,m06-works,事前に必要,P3,km-306-m07,decks/kotoba-mine/source/mcd/s1.json:862,gov,事前に必要,入院することになりましたが、事前に必要な手続きはありますか？,I have to be hospitalized. Are there any procedures I need to complete in advance?,required in advance,何かをする前に済ませておかなければならないこと。,Phrase not lexical prerequisite noun; definition emphasizes completed steps while phrase means required beforehand,"[[""事前に必要"", ""じぜんにひつよう"", 1]]",[],1,1,True,no additional critical defect found in sampled language review,,concern,Phrase not lexical prerequisite noun; definition emphasizes completed steps while phrase means required beforehand,www.city.kyotanabe.lg.jp,https://www.city.kyotanabe.lg.jp/faq/faq_detail.php?co=cat&frmId=146&frmCd=4-2-0-0-0,web quotation (personal study),asserted metadata; original wording or source-page equality not independently checked,concern: public-release rights/attribution not completely demonstrated
km-315,m06-works,妥当性,S1,km-315-1,decks/kotoba-mine/source/review/b4.json:404,gov,妥当性,公表されている分析法の中には、妥当性が確認されている方法もあります。,Some of the published analytical methods have had their validity confirmed.,validity; reasonableness,考えや数字が、その場に合っていて正しいこと。,P2 Tomita current-copyright text mislabelled PD; S2 雲散霧消 harder than target; P3 clinical claim uncited,"[[""妥当性"", ""だとうせい"", 1]]",[],1,1,True,no additional critical defect found in sampled language review,,concern,P2 Tomita current-copyright text mislabelled PD; S2 雲散霧消 harder than target; P3 clinical claim uncited,maff.go.jp,https://www.maff.go.jp/j/syouan/seisaku/data_reliance/reliance.html,web quotation (personal study),asserted metadata; original wording or source-page equality not independently checked,concern: public-release rights/attribution not completely demonstrated
km-315,m06-works,妥当性,S2,km-315-2,decks/kotoba-mine/source/review/b4.json:408,tatoeba,妥当性,この議論の妥当性に関する疑問はデータを見れば雲散霧消する。,Any doubts about the validity of this argument vanish once you look at the data.,validity; reasonableness,考えや数字が、その場に合っていて正しいこと。,P2 Tomita current-copyright text mislabelled PD; S2 雲散霧消 harder than target; P3 clinical claim uncited,"[[""妥当性"", ""だとうせい"", 1]]",[],1,1,True,no additional critical defect found in sampled language review,,concern,P2 Tomita current-copyright text mislabelled PD; S2 雲散霧消 harder than target; P3 clinical claim uncited,Tatoeba,https://tatoeba.org/ja/sentences/show/222393,CC BY 2.0 FR (Tatoeba),asserted metadata; original wording or source-page equality not independently checked,concern: public-release rights/attribution not completely demonstrated
km-315,m06-works,妥当性,P1,km-315-m01;km-315-m02;km-315-m03;km-315-m04,decks/kotoba-mine/source/mcd/s4.json:822,original,妥当性,会社が示した値上げ幅について、消費者団体はその妥当性に疑問を投げかけた。原材料費の上昇分を考えても、二割もの値上げは高すぎるというのだ。会社側は近く、詳しい説明の場を設けるとしている。,"A consumer group has questioned the validity of the price rise the company announced. Even allowing for higher raw-material costs, it says, a rise of as much as 20 percent is too steep. The company says it will soon hold a session to explain in detail.",validity; reasonableness,考えや数字が、その場に合っていて正しいこと。,P2 Tomita current-copyright text mislabelled PD; S2 雲散霧消 harder than target; P3 clinical claim uncited,"[[""妥当性"", ""だとうせい"", 1]]","[[""km-315-m02"", ""だ""], [""km-315-m03"", ""とう""], [""km-315-m04"", ""せい""]]",1,1,True,no additional critical defect found in sampled language review,,concern,P2 Tomita current-copyright text mislabelled PD; S2 雲散霧消 harder than target; P3 clinical claim uncited,書き下ろし（このデッキ用）,,Bunki original,asserted metadata; original wording or source-page equality not independently checked,"original label, authorship provenance not independently verified"
km-315,m06-works,妥当性,P2,km-315-m05,decks/kotoba-mine/source/mcd/s4.json:828,literature,妥当性,作品を誰が書いたのかが正しく表示され、中味がオリジナルの姿を保ちつづけることは、作者と作品を評価するにあたっての、安定的な基盤を提供する。「文化の発展に寄与する」という目的に照らせば、「著作者人格権」に期限を設けないことには、妥当性がある。,"Having the author of a work shown correctly, and having its content keep its original form, provides a stable foundation for evaluating authors and works. In light of the aim of 'contributing to the development of culture', there is good reason not to set a time limit on authors' moral rights.",validity; reasonableness,考えや数字が、その場に合っていて正しいこと。,P2 Tomita current-copyright text mislabelled PD; S2 雲散霧消 harder than target; P3 clinical claim uncited,"[[""妥当性"", ""だとうせい"", 1]]",[],1,1,True,no additional critical defect found in sampled language review,,concern,P2 Tomita current-copyright text mislabelled PD; S2 雲散霧消 harder than target; P3 clinical claim uncited,青空文庫『「天に積む宝」のふやし方、へらし方』著作権保護期間延長が青空文庫にもたらすもの,https://www.aozora.gr.jp/cards/000055/,public domain (Aozora Bunko),Aozora owner card conflicts PD claim,concern: public-release rights/attribution not completely demonstrated
km-315,m06-works,妥当性,P3,km-315-m06,decks/kotoba-mine/source/mcd/s4.json:832,original,妥当性,新しい薬が承認されるまでには、何段階もの臨床試験を経なければならない。得られたデータの妥当性を専門家が厳しく審査し、効果と安全性が確かめられて初めて、薬は患者のもとに届く。,"Before a new drug is approved, it has to go through several stages of clinical trials. Only after experts have rigorously examined the validity of the data and its efficacy and safety have been confirmed does the drug reach patients.",validity; reasonableness,考えや数字が、その場に合っていて正しいこと。,P2 Tomita current-copyright text mislabelled PD; S2 雲散霧消 harder than target; P3 clinical claim uncited,"[[""妥当性"", ""だとうせい"", 1]]",[],1,1,True,no additional critical defect found in sampled language review,,concern,P2 Tomita current-copyright text mislabelled PD; S2 雲散霧消 harder than target; P3 clinical claim uncited,書き下ろし（このデッキ用）,,Bunki original,asserted metadata; original wording or source-page equality not independently checked,"original label, authorship provenance not independently verified"
km-280,m07-board,そうそう,S1,km-280-1,decks/kotoba-mine/source/review/b2.json:352,original,そうそう,授賞式にはそうそうたる顔ぶれがそろった。,A distinguished lineup gathered for the awards ceremony.,"eminent, distinguished",名の知れた、すぐれた人ばかりであるようす。,そうそうたる construction correct; P2 20-char sentence padded context count; resonant sense omitted,"[[""そうそう"", ""そうそう"", 1]]",[],1,1,True,no additional critical defect found in sampled language review,,concern,そうそうたる construction correct; P2 20-char sentence padded context count; resonant sense omitted,書き下ろし（このデッキ用）,,Bunki original,asserted metadata; original wording or source-page equality not independently checked,"original label, authorship provenance not independently verified"
km-280,m07-board,そうそう,P1,km-280-m01,decks/kotoba-mine/source/mcd/s5.json:764,original,そうそう,新しい美術館の開館記念展には、国内外のそうそうたる画家の作品が並んだ。ピカソやモネの名画を一度に見られるとあって、初日から長い行列ができた。,"The new museum's opening exhibition featured works by an illustrious lineup of painters from Japan and abroad. With the chance to see masterpieces by Picasso and Monet all at once, long lines formed from the first day.","eminent, distinguished",名の知れた、すぐれた人ばかりであるようす。,そうそうたる construction correct; P2 20-char sentence padded context count; resonant sense omitted,"[[""そうそう"", ""そうそう"", 1]]",[],1,1,True,no additional critical defect found in sampled language review,,concern,そうそうたる construction correct; P2 20-char sentence padded context count; resonant sense omitted,書き下ろし（このデッキ用）,,Bunki original,asserted metadata; original wording or source-page equality not independently checked,"original label, authorship provenance not independently verified"
km-280,m07-board,そうそう,P2,km-280-m02,decks/kotoba-mine/source/mcd/s5.json:770,original,そうそう,授賞式にはそうそうたる顔ぶれがそろった。,An illustrious lineup gathered at the award ceremony.,"eminent, distinguished",名の知れた、すぐれた人ばかりであるようす。,そうそうたる construction correct; P2 20-char sentence padded context count; resonant sense omitted,"[[""そうそう"", ""そうそう"", 1]]",[],1,1,True,concern,One-sentence padding fails MCD passage rule.,concern,そうそうたる construction correct; P2 20-char sentence padded context count; resonant sense omitted,書き下ろし（このデッキ用）,,Bunki original,asserted metadata; original wording or source-page equality not independently checked,"original label, authorship provenance not independently verified"
km-280,m07-board,そうそう,P3,km-280-m03,decks/kotoba-mine/source/mcd/s5.json:774,original,そうそう,祖父の葬儀には、元首相や大企業の会長など、そうそうたる人々が参列した。生前は仕事の話を家ではほとんどしない人だったので、家族はその顔ぶれに驚かされた。,"Eminent figures, including a former prime minister and chairmen of big companies, attended my grandfather's funeral. He had hardly ever talked about his work at home, so the family was astonished at who came.","eminent, distinguished",名の知れた、すぐれた人ばかりであるようす。,そうそうたる construction correct; P2 20-char sentence padded context count; resonant sense omitted,"[[""そうそう"", ""そうそう"", 1]]",[],1,1,True,no additional critical defect found in sampled language review,,concern,そうそうたる construction correct; P2 20-char sentence padded context count; resonant sense omitted,書き下ろし（このデッキ用）,,Bunki original,asserted metadata; original wording or source-page equality not independently checked,"original label, authorship provenance not independently verified"
km-050,m07-board,俯瞰,S1,km-050-1,decks/kotoba-mine/source/review/a3.json:76,tatoeba,俯瞰,経営者には企業全体を俯瞰する目が欠かせない。,A business owner needs to be able to see the whole company from above.,looking down from above,高い所から見下ろすこと。全体を広く見ること。,Sense/readings pass; P2 opens あの/あすこ without antecedent; no 字 safely,"[[""俯瞰"", ""ふかん"", 1]]",[],1,1,True,no additional critical defect found in sampled language review,,concern,Sense/readings pass; P2 opens あの/あすこ without antecedent; no 字 safely,Tatoeba,https://tatoeba.org/ja/sentences/show/2672460,CC BY 2.0 FR (Tatoeba),asserted metadata; original wording or source-page equality not independently checked,concern: public-release rights/attribution not completely demonstrated
km-050,m07-board,俯瞰,P1,km-050-m01,decks/kotoba-mine/source/mcd/s1.json:136,original,俯瞰,展望台に上ると、街全体を俯瞰することができた。地上を歩いているときはごちゃごちゃして見えた路地も、上から眺めると碁盤の目のように整然と並んでいる。,"From the observation deck we could take in the whole city from above. The alleys that looked like a jumble when we walked them on the ground turned out, seen from up high, to be laid out neatly like a grid.",looking down from above,高い所から見下ろすこと。全体を広く見ること。,Sense/readings pass; P2 opens あの/あすこ without antecedent; no 字 safely,"[[""俯瞰"", ""ふかん"", 1]]",[],1,1,True,no additional critical defect found in sampled language review,,concern,Sense/readings pass; P2 opens あの/あすこ without antecedent; no 字 safely,書き下ろし（このデッキ用）,,Bunki original,asserted metadata; original wording or source-page equality not independently checked,"original label, authorship provenance not independently verified"
km-050,m07-board,俯瞰,P2,km-050-m02,decks/kotoba-mine/source/mcd/s1.json:142,literature,俯瞰,あの山腹の上の方、あすこの峠を、バスは通ってきた。峠の上で、バスは止って、乗客に下車を許すのである。そこで突然に眼界が開けて、湖水が一望のうちに俯瞰される。,"The bus came over that pass up there, high on the mountainside. At the top of the pass the bus stops and lets the passengers get off. There the view suddenly opens up and the whole lake lies below you at a single glance.",looking down from above,高い所から見下ろすこと。全体を広く見ること。,Sense/readings pass; P2 opens あの/あすこ without antecedent; no 字 safely,"[[""俯瞰"", ""ふかん"", 1]]",[],1,1,True,no additional critical defect found in sampled language review,,concern,Sense/readings pass; P2 opens あの/あすこ without antecedent; no 字 safely,青空文庫『山上湖』豊島与志雄,https://www.aozora.gr.jp/cards/000906/,public domain (Aozora Bunko),asserted metadata; original wording or source-page equality not independently checked,concern: public-release rights/attribution not completely demonstrated
km-050,m07-board,俯瞰,P3,km-050-m03,decks/kotoba-mine/source/mcd/s1.json:146,original,俯瞰,目の前の作業に追われていると、仕事の全体像が見えなくなりがちだ。週に一度は手を止めて、プロジェクト全体を俯瞰してみるといい。どこが遅れていて、何を後回しにできるかが自然と見えてくる。,"When you are swamped with the task in front of you, it is easy to lose sight of the big picture. Once a week, stop and take a bird's-eye view of the whole project. You will naturally start to see what is behind schedule and what can wait.",looking down from above,高い所から見下ろすこと。全体を広く見ること。,Sense/readings pass; P2 opens あの/あすこ without antecedent; no 字 safely,"[[""俯瞰"", ""ふかん"", 1]]",[],1,1,True,no additional critical defect found in sampled language review,,concern,Sense/readings pass; P2 opens あの/あすこ without antecedent; no 字 safely,書き下ろし（このデッキ用）,,Bunki original,asserted metadata; original wording or source-page equality not independently checked,"original label, authorship provenance not independently verified"
km-273,m07-board,たぐいまれ,S1,km-273-1,decks/kotoba-mine/source/review/a3.json:274,blog,たぐいまれ,たぐいまれなラーメン屋だぞ。,This is one exceptional ramen shop!,"exceptional, rare",ほかにないほど、とてもすぐれているようす。,S1 unnamed restaurant; P2 literary antecedents; P3 botanical statistics unverified,"[[""たぐいまれ"", ""たぐいまれ"", 1]]",[],1,1,True,no additional critical defect found in sampled language review,,concern,S1 unnamed restaurant; P2 literary antecedents; P3 botanical statistics unverified,ameblo.jp,https://ameblo.jp/kabutonioigame/entry-12898536384.html,web quotation (personal study),asserted metadata; original wording or source-page equality not independently checked,concern: public-release rights/attribution not completely demonstrated
km-273,m07-board,たぐいまれ,P1,km-273-m01,decks/kotoba-mine/source/mcd/s4.json:710,original,たぐいまれ,わずか十五歳で国際ピアノコンクールを制した少女は、たぐいまれな才能の持ち主として一躍注目を集めた。それでも本人は「毎日八時間練習しているだけです」と、照れくさそうに笑った。,"The girl who won an international piano competition at just fifteen suddenly drew attention as someone of exceptional talent. Yet she herself just laughed shyly and said, 'I only practise eight hours a day.'","exceptional, rare",ほかにないほど、とてもすぐれているようす。,S1 unnamed restaurant; P2 literary antecedents; P3 botanical statistics unverified,"[[""たぐいまれ"", ""たぐいまれ"", 1]]",[],1,1,True,no additional critical defect found in sampled language review,,concern,S1 unnamed restaurant; P2 literary antecedents; P3 botanical statistics unverified,書き下ろし（このデッキ用）,,Bunki original,asserted metadata; original wording or source-page equality not independently checked,"original label, authorship provenance not independently verified"
km-273,m07-board,たぐいまれ,P2,km-273-m02,decks/kotoba-mine/source/mcd/s4.json:716,literature,たぐいまれ,彼らはただドストイェフスキイに変態心理の作家を見るにとどまるだろう。彼が著しく「神」のことに執着する所などはほとんど無意味に感ぜられるに相違ない。しかし実際はこの作家ほど深く確実に人間のあらゆる性情をつかんでいる者は、たぐいまれなのである。,"They will probably see in Dostoevsky nothing more than a writer of abnormal psychology. His striking fixation on 'God' will surely seem almost meaningless to them. But in fact, someone who grasps every aspect of human nature as deeply and surely as this writer is rare indeed.","exceptional, rare",ほかにないほど、とてもすぐれているようす。,S1 unnamed restaurant; P2 literary antecedents; P3 botanical statistics unverified,"[[""たぐいまれ"", ""たぐいまれ"", 1]]",[],1,1,True,no additional critical defect found in sampled language review,,concern,S1 unnamed restaurant; P2 literary antecedents; P3 botanical statistics unverified,青空文庫『「自然」を深めよ』和辻哲郎,https://www.aozora.gr.jp/cards/001395/,public domain (Aozora Bunko),asserted metadata; original wording or source-page equality not independently checked,concern: public-release rights/attribution not completely demonstrated
km-273,m07-board,たぐいまれ,P3,km-273-m03,decks/kotoba-mine/source/mcd/s4.json:720,wiki,たぐいまれ,"カリフォルニア州には7,000種の植物が生えているが、そのうちの50パーセントがシエラネバダ山脈にあり、20パーセント以上がヨセミテ公園内に見られる。160種以上の稀少植物の植生地域があり、その形成にはヨセミテのたぐいまれな地質学的形成過程と、特異な土壌が寄与している。","California has 7,000 plant species, 50 percent of which grow in the Sierra Nevada and over 20 percent in Yosemite. It contains habitats for more than 160 rare plants, shaped by Yosemite's exceptional geological history and distinctive soils.","exceptional, rare",ほかにないほど、とてもすぐれているようす。,S1 unnamed restaurant; P2 literary antecedents; P3 botanical statistics unverified,"[[""たぐいまれ"", ""たぐいまれ"", 1]]",[],1,1,True,no additional critical defect found in sampled language review,,concern,S1 unnamed restaurant; P2 literary antecedents; P3 botanical statistics unverified,ja.wikipedia.org,,CC BY-SA (Wikipedia),asserted metadata; original wording or source-page equality not independently checked,concern: public-release rights/attribution not completely demonstrated
km-013,m07-board,ひらめく,S1,km-013-1,decks/kotoba-mine/source/review/b2.json:18,example-bank,ひらめい,素晴らしい考えがひらめいた。,A wonderful idea suddenly came to me.,to come to mind suddenly,考えが急に頭にうかぶ。光が一瞬光る。,Sense variety in P3 flash included but English headword focuses idea; S1 form ends at ひらめい stem,"[[""ひらめい"", ""ひらめい"", 1]]",[],1,1,True,no additional critical defect found in sampled language review,,concern,Sense variety in P3 flash included but English headword focuses idea; S1 form ends at ひらめい stem,例文集（Tanaka/SNOW）,,CC BY 4.0,asserted metadata; original wording or source-page equality not independently checked,concern: public-release rights/attribution not completely demonstrated
km-013,m07-board,ひらめく,P1,km-013-m01,decks/kotoba-mine/source/mcd/s1.json:36,original,ひらめいた,新商品の名前がなかなか決まらず、企画会議は三時間も続いた。行き詰まって窓の外を眺めていたとき、ふと名案がひらめいた。急いでメモを取ってみんなに見せると、全員が「それだ！」と声をそろえた。,"We couldn't settle on a name for the new product, and the planning meeting dragged on for three hours. As I was staring out of the window, stuck, a great idea suddenly came to me. I quickly jotted it down and showed everyone, and they all said at once, ""That's it!""",to come to mind suddenly,考えが急に頭にうかぶ。光が一瞬光る。,Sense variety in P3 flash included but English headword focuses idea; S1 form ends at ひらめい stem,"[[""ひらめいた"", ""ひらめいた"", 1]]",[],1,1,True,no additional critical defect found in sampled language review,,concern,Sense variety in P3 flash included but English headword focuses idea; S1 form ends at ひらめい stem,書き下ろし（このデッキ用）,,Bunki original,asserted metadata; original wording or source-page equality not independently checked,"original label, authorship provenance not independently verified"
km-013,m07-board,ひらめく,P2,km-013-m02,decks/kotoba-mine/source/mcd/s1.json:42,original,ひらめく,シャワーを浴びているときに限って、いいアイデアがひらめくのはなぜだろう。小説家の叔母は、浴室の壁に防水のメモ帳を貼っている。思いついた言葉を忘れないうちに、そこへ書きとめるのだそうだ。,"Why is it that good ideas only ever come to you in the shower? My aunt, a novelist, has a waterproof notepad stuck to her bathroom wall. She says she writes down whatever words come to her there, before she forgets them.",to come to mind suddenly,考えが急に頭にうかぶ。光が一瞬光る。,Sense variety in P3 flash included but English headword focuses idea; S1 form ends at ひらめい stem,"[[""ひらめく"", ""ひらめく"", 1]]",[],1,1,True,no additional critical defect found in sampled language review,,concern,Sense variety in P3 flash included but English headword focuses idea; S1 form ends at ひらめい stem,書き下ろし（このデッキ用）,,Bunki original,asserted metadata; original wording or source-page equality not independently checked,"original label, authorship provenance not independently verified"
km-013,m07-board,ひらめく,P3,km-013-m03,decks/kotoba-mine/source/mcd/s1.json:48,literature,閃く,写真ずきと写真ぎらいとの心持の理由はいろいろあるだろう。私はフラッシュがいやで、つい堅くなる。自分にそれが向けられていなくても、音楽会などで近いところでそら、もうじきフラッシュが閃くぞと思うと、体が堅くなって来る。,"There must be all sorts of reasons why some people love being photographed and others hate it. I dislike the flash and tend to stiffen up. Even when it isn't aimed at me, at a concert or the like, if I think a flash is about to go off nearby, my body goes tense.",to come to mind suddenly,考えが急に頭にうかぶ。光が一瞬光る。,Sense variety in P3 flash included but English headword focuses idea; S1 form ends at ひらめい stem,"[[""閃く"", ""ひらめく"", 1]]",[],1,1,True,no additional critical defect found in sampled language review,,concern,Sense variety in P3 flash included but English headword focuses idea; S1 form ends at ひらめい stem,青空文庫『顔を語る』宮本百合子,https://www.aozora.gr.jp/cards/000311/,public domain (Aozora Bunko),asserted metadata; original wording or source-page equality not independently checked,concern: public-release rights/attribution not completely demonstrated
km-012,m07-board,勝ち残る,S1,km-012-1,decks/kotoba-mine/source/review/a1.json:18,company,勝ち残っ,最後まで勝ち残ったチームが、決勝トーナメントへ進出するサバイバル形式となります。,It's a survival format: the teams that keep winning to the end advance to the final tournament.,to win and advance,勝って次の試合に進む。最後まで残る。,Written scenes pass; S1/P3 form ends at 勝ち残っ stem; P3 single sentence,"[[""勝ち残っ"", ""かちのこっ"", 1]]",[],1,1,True,no additional critical defect found in sampled language review,,concern,Written scenes pass; S1/P3 form ends at 勝ち残っ stem; P3 single sentence,roboccia.com,https://roboccia.com/rcs2026-2/,web quotation (personal study),asserted metadata; original wording or source-page equality not independently checked,concern: public-release rights/attribution not completely demonstrated
km-012,m07-board,勝ち残る,P1,km-012-m01;km-012-m02;km-012-m03,decks/kotoba-mine/source/mcd/s6.json:20,original,勝ち残り,全国から百二十八校が出場した夏の大会も、いよいよ大詰めを迎えた。強豪校が次々と姿を消す中、初出場の公立校が最後の四校まで勝ち残り、地元は大きな盛り上がりを見せている。,"The summer tournament, in which 128 schools from across the country competed, has finally reached its climax. While powerhouse schools have dropped out one after another, a public school making its first appearance has won its way into the final four, and its hometown is buzzing with excitement.",to win and advance,勝って次の試合に進む。最後まで残る。,Written scenes pass; S1/P3 form ends at 勝ち残っ stem; P3 single sentence,"[[""勝ち残り"", ""かちのこり"", 1]]","[[""km-012-m02"", ""か""], [""km-012-m03"", ""のこ""]]",1,1,True,no additional critical defect found in sampled language review,,concern,Written scenes pass; S1/P3 form ends at 勝ち残っ stem; P3 single sentence,書き下ろし（このデッキ用）,,Bunki original,asserted metadata; original wording or source-page equality not independently checked,"original label, authorship provenance not independently verified"
km-012,m07-board,勝ち残る,P2,km-012-m04,decks/kotoba-mine/source/mcd/s6.json:26,original,勝ち残った,その料理コンテスト番組は、毎週一人ずつ脱落していく勝ち抜き形式だ。素人ながら決勝まで勝ち残った主婦は、「家族に食べさせるつもりで作っただけです」と照れくさそうに笑った。,"That cooking-contest show uses an elimination format in which one person drops out each week. The homemaker who, though an amateur, made it all the way to the final laughed bashfully: ""I just cooked as if I were feeding my family.""",to win and advance,勝って次の試合に進む。最後まで残る。,Written scenes pass; S1/P3 form ends at 勝ち残っ stem; P3 single sentence,"[[""勝ち残った"", ""かちのこった"", 1]]",[],1,1,True,no additional critical defect found in sampled language review,,concern,Written scenes pass; S1/P3 form ends at 勝ち残っ stem; P3 single sentence,書き下ろし（このデッキ用）,,Bunki original,asserted metadata; original wording or source-page equality not independently checked,"original label, authorship provenance not independently verified"
km-012,m07-board,勝ち残る,P3,km-012-m05,decks/kotoba-mine/source/mcd/s6.json:32,company,勝ち残っ,最後まで勝ち残ったチームが、決勝トーナメントへ進出するサバイバル形式となります。,It's a survival format in which the teams that keep winning to the very end advance to the final tournament.,to win and advance,勝って次の試合に進む。最後まで残る。,Written scenes pass; S1/P3 form ends at 勝ち残っ stem; P3 single sentence,"[[""勝ち残っ"", ""かちのこっ"", 1]]",[],1,1,True,no additional critical defect found in sampled language review,,concern,Written scenes pass; S1/P3 form ends at 勝ち残っ stem; P3 single sentence,roboccia.com,https://roboccia.com/rcs2026-2/,web quotation (personal study),asserted metadata; original wording or source-page equality not independently checked,concern: public-release rights/attribution not completely demonstrated
km-041,m08-mind,失読症,S1,km-041-1,decks/kotoba-mine/source/review/a1.json:54,company,失読症,よくある誤解の一つに、失読症の人は文字や単語が逆さま、あるいは反転して見えるというものがあります。,One common misconception is that people with dyslexia see letters and words upside down or reversed.,dyslexia,知能に問題がないのに、字を読むのが難しい状態。,P1/P2 dyslexia distinction and clinical wording need specialist/source check; no certification claimed,"[[""失読症"", ""しつどくしょう"", 1]]",[],1,1,True,no additional critical defect found in sampled language review,,concern,P1/P2 dyslexia distinction and clinical wording need specialist/source check; no certification claimed,www.emotiv.com,https://www.emotiv.com/ja/neuroscience/dyslexia,web quotation (personal study),asserted metadata; original wording or source-page equality not independently checked,concern: public-release rights/attribution not completely demonstrated
km-041,m08-mind,失読症,P1,km-041-m01;km-041-m02;km-041-m03;km-041-m04,decks/kotoba-mine/source/mcd/s4.json:98,original,失読症,息子は話すのが得意で、算数もよくできた。ところが教科書を音読させると、一行進むのにひどく時間がかかる。専門の医師に診てもらい、失読症だとわかったのは小学三年生のときだった。,"My son was a good talker and did well at arithmetic. But when he read his textbook aloud, it took him an awfully long time to get through a single line. It was in third grade, after seeing a specialist, that we found out he had dyslexia.",dyslexia,知能に問題がないのに、字を読むのが難しい状態。,P1/P2 dyslexia distinction and clinical wording need specialist/source check; no certification claimed,"[[""失読症"", ""しつどくしょう"", 1]]","[[""km-041-m02"", ""しつ""], [""km-041-m03"", ""どく""], [""km-041-m04"", ""しょう""]]",1,1,True,no additional critical defect found in sampled language review,,concern,P1/P2 dyslexia distinction and clinical wording need specialist/source check; no certification claimed,書き下ろし（このデッキ用）,,Bunki original,asserted metadata; original wording or source-page equality not independently checked,"original label, authorship provenance not independently verified"
km-041,m08-mind,失読症,P2,km-041-m05,decks/kotoba-mine/source/mcd/s4.json:104,original,失読症,失読症は知能の問題ではない。文字を音に結びつける脳の働きに特徴があるだけで、音声の読み上げ機能などを使えば、本来の学ぶ力を十分に発揮できる人は多い。,"Dyslexia is not a matter of intelligence. It is simply a particular way the brain links letters to sounds, and many people can make full use of their ability to learn with tools such as text-to-speech.",dyslexia,知能に問題がないのに、字を読むのが難しい状態。,P1/P2 dyslexia distinction and clinical wording need specialist/source check; no certification claimed,"[[""失読症"", ""しつどくしょう"", 1]]",[],1,1,True,no additional critical defect found in sampled language review,,concern,P1/P2 dyslexia distinction and clinical wording need specialist/source check; no certification claimed,書き下ろし（このデッキ用）,,Bunki original,asserted metadata; original wording or source-page equality not independently checked,"original label, authorship provenance not independently verified"
km-041,m08-mind,失読症,P3,km-041-m06,decks/kotoba-mine/source/mcd/s4.json:110,company,失読症,よくある誤解の一つに、失読症の人は文字や単語が逆さま、あるいは反転して見えるというものがあります。,One common misconception is that people with dyslexia see letters and words upside down or reversed.,dyslexia,知能に問題がないのに、字を読むのが難しい状態。,P1/P2 dyslexia distinction and clinical wording need specialist/source check; no certification claimed,"[[""失読症"", ""しつどくしょう"", 1]]",[],1,1,True,no additional critical defect found in sampled language review,,concern,P1/P2 dyslexia distinction and clinical wording need specialist/source check; no certification claimed,www.emotiv.com,https://www.emotiv.com/ja/neuroscience/dyslexia,web quotation (personal study),asserted metadata; original wording or source-page equality not independently checked,concern: public-release rights/attribution not completely demonstrated
km-036,m08-mind,磁気共鳴断層撮影,S1,km-036-1,decks/kotoba-mine/source/review/a1.json:48,company,磁気共鳴断層撮影,磁気共鳴断層撮影装置（MRI）は磁気によって画像検査を行う装置です。,A magnetic resonance imaging (MRI) scanner is a machine that performs imaging tests using magnetism.,MRI scan,磁石と電波で体の断面を画像にする検査。,MRI radiation and implant caution supported by FDA; P1 duration is fictional case; P2 one sentence,"[[""磁気共鳴断層撮影"", ""じききょうめいだんそうさつえい"", 1]]",[],1,1,True,no additional critical defect found in sampled language review,,concern,MRI radiation and implant caution supported by FDA; P1 duration is fictional case; P2 one sentence,soba-cli.com,https://soba-cli.com/treat/mri.html,web quotation (personal study),asserted metadata; original wording or source-page equality not independently checked,concern: public-release rights/attribution not completely demonstrated
km-036,m08-mind,磁気共鳴断層撮影,P1,km-036-m01;km-036-m02;km-036-m03;km-036-m04;km-036-m05;km-036-m06;km-036-m07;km-036-m08;km-036-m09,decks/kotoba-mine/source/mcd/s5.json:88,original,磁気共鳴断層撮影,頭痛が続くため、父は病院で磁気共鳴断層撮影、いわゆるMRI検査を受けた。大きな磁石の筒の中に二十分ほど横になっていたが、工事のような音が響いて落ち着かなかったという。結果は異常なしだった。,"Because his headaches wouldn't go away, my father had magnetic resonance imaging, an MRI scan, at the hospital. He lay inside a big magnet tube for about twenty minutes, and said the construction-like noise made it hard to relax. The results showed nothing abnormal.",MRI scan,磁石と電波で体の断面を画像にする検査。,MRI radiation and implant caution supported by FDA; P1 duration is fictional case; P2 one sentence,"[[""磁気共鳴断層撮影"", ""じききょうめいだんそうさつえい"", 1]]","[[""km-036-m02"", ""じ""], [""km-036-m03"", ""き""], [""km-036-m04"", ""きょう""], [""km-036-m05"", ""めい""], [""km-036-m06"", ""だん""], [""km-036-m07"", ""そう""], [""km-036-m08"", ""さつ""], [""km-036-m09"", ""えい""]]",1,1,True,no additional critical defect found in sampled language review,,concern,MRI radiation and implant caution supported by FDA; P1 duration is fictional case; P2 one sentence,書き下ろし（このデッキ用）,,Bunki original,asserted metadata; original wording or source-page equality not independently checked,"original label, authorship provenance not independently verified"
km-036,m08-mind,磁気共鳴断層撮影,P2,km-036-m10,decks/kotoba-mine/source/mcd/s5.json:94,company,磁気共鳴断層撮影,磁気共鳴断層撮影装置（MRI）は磁気によって画像検査を行う装置です。,A magnetic resonance imaging device (MRI) carries out imaging tests by means of magnetism.,MRI scan,磁石と電波で体の断面を画像にする検査。,MRI radiation and implant caution supported by FDA; P1 duration is fictional case; P2 one sentence,"[[""磁気共鳴断層撮影"", ""じききょうめいだんそうさつえい"", 1]]",[],1,1,True,no additional critical defect found in sampled language review,,concern,MRI radiation and implant caution supported by FDA; P1 duration is fictional case; P2 one sentence,soba-cli.com,https://soba-cli.com/treat/mri.html,web quotation (personal study),asserted metadata; original wording or source-page equality not independently checked,concern: public-release rights/attribution not completely demonstrated
km-036,m08-mind,磁気共鳴断層撮影,P3,km-036-m11,decks/kotoba-mine/source/mcd/s5.json:98,original,磁気共鳴断層撮影,磁気共鳴断層撮影はX線を使わないため、放射線を浴びる心配がない。そのかわり、強い磁気を使うので、体内に金属があると検査を受けられない場合がある。ペースメーカーを入れている人は、事前に医師に伝えておこう。,"Because magnetic resonance imaging doesn't use X-rays, there's no worry about radiation exposure. On the other hand, it uses a strong magnetic field, so if you have metal in your body you may not be able to have the scan. If you have a pacemaker, tell your doctor beforehand.",MRI scan,磁石と電波で体の断面を画像にする検査。,MRI radiation and implant caution supported by FDA; P1 duration is fictional case; P2 one sentence,"[[""磁気共鳴断層撮影"", ""じききょうめいだんそうさつえい"", 1]]",[],1,1,True,no additional critical defect found in sampled language review,,concern,MRI radiation and implant caution supported by FDA; P1 duration is fictional case; P2 one sentence,書き下ろし（このデッキ用）,,Bunki original,FDA MRI core claims checked,"original label, authorship provenance not independently verified"
km-283,m08-mind,生得的,S1,km-283-1,decks/kotoba-mine/source/review/a1.json:294,blog,生得的,生得的なものや過去に起きてしまった履歴は変えようがありません。,What you're born with and what has already happened in the past can't be changed.,innate,学ばなくても、生まれつき持っている様子。,"P3 attributed Chomsky theory not fact, needs original reference; S1 broad fixed-traits assertion","[[""生得的"", ""せいとくてき"", 1]]",[],1,1,True,no additional critical defect found in sampled language review,,concern,"P3 attributed Chomsky theory not fact, needs original reference; S1 broad fixed-traits assertion",millreef.co.jp,https://millreef.co.jp/yaeblo/2018/06/01/yu_aba18/,web quotation (personal study),asserted metadata; original wording or source-page equality not independently checked,concern: public-release rights/attribution not completely demonstrated
km-283,m08-mind,生得的,P1,km-283-m01;km-283-m02;km-283-m03;km-283-m04,decks/kotoba-mine/source/mcd/s2.json:772,original,生得的,赤ちゃんは、教えられなくても生まれてすぐに母親の乳を吸う。こうした生得的な行動は、経験を通して身につける学習とは区別され、本能と呼ばれることもある。,"Babies suckle at their mother's breast as soon as they are born, without being taught. Innate behaviour like this is distinguished from learning acquired through experience and is sometimes called instinct.",innate,学ばなくても、生まれつき持っている様子。,"P3 attributed Chomsky theory not fact, needs original reference; S1 broad fixed-traits assertion","[[""生得的"", ""せいとくてき"", 1]]","[[""km-283-m02"", ""せい""], [""km-283-m03"", ""とく""], [""km-283-m04"", ""てき""]]",1,1,True,no additional critical defect found in sampled language review,,concern,"P3 attributed Chomsky theory not fact, needs original reference; S1 broad fixed-traits assertion",書き下ろし（このデッキ用）,,Bunki original,asserted metadata; original wording or source-page equality not independently checked,"original label, authorship provenance not independently verified"
km-283,m08-mind,生得的,P2,km-283-m05,decks/kotoba-mine/source/mcd/s2.json:778,literature,生得的,とにかく、三度三度の食事は「美味く」なくては意義がない。しかし「美味い」にも段々があって、味覚の程度も、生得的にひとりひとり違っているから、無差別に断を下すわけにはいかない。,"In any case, the three meals a day have no point unless they are 'delicious'. But 'delicious' has its degrees, and the level of one's sense of taste differs from person to person by nature, so you cannot pass judgement indiscriminately.",innate,学ばなくても、生まれつき持っている様子。,"P3 attributed Chomsky theory not fact, needs original reference; S1 broad fixed-traits assertion","[[""生得的"", ""せいとくてき"", 1]]",[],1,1,True,no additional critical defect found in sampled language review,,concern,"P3 attributed Chomsky theory not fact, needs original reference; S1 broad fixed-traits assertion",青空文庫『味を知るもの鮮し』北大路魯山人,https://www.aozora.gr.jp/cards/001403/,public domain (Aozora Bunko),asserted metadata; original wording or source-page equality not independently checked,concern: public-release rights/attribution not completely demonstrated
km-283,m08-mind,生得的,P3,km-283-m06,decks/kotoba-mine/source/mcd/s2.json:782,original,生得的,言語学者チョムスキーは、人間には言葉を習得するための生得的な能力が備わっていると考えた。どの国の子どもも、ほぼ同じ時期に、ほぼ同じ順序で母語を身につけていくのはそのためだというのだ。,"The linguist Chomsky held that humans are born with an innate capacity for acquiring language. That, he argued, is why children in every country learn their mother tongue at about the same age and in about the same order.",innate,学ばなくても、生まれつき持っている様子。,"P3 attributed Chomsky theory not fact, needs original reference; S1 broad fixed-traits assertion","[[""生得的"", ""せいとくてき"", 1]]",[],1,1,True,no additional critical defect found in sampled language review,,concern,"P3 attributed Chomsky theory not fact, needs original reference; S1 broad fixed-traits assertion",書き下ろし（このデッキ用）,,Bunki original,asserted metadata; original wording or source-page equality not independently checked,"original label, authorship provenance not independently verified"
km-016,m08-mind,身体性,S1,km-016-1,decks/kotoba-mine/source/review/a3.json:22,blog,身体性,AI時代には身体性だ。,"In the age of AI, what matters is embodiment.",embodiment,心や言葉の働きが体と結びついている性質。,S1 slogan not standalone scene; P2 unsupported memory superiority claim,"[[""身体性"", ""しんたいせい"", 1]]",[],1,1,True,no additional critical defect found in sampled language review,,concern,S1 slogan not standalone scene; P2 unsupported memory superiority claim,note.com,https://note.com/daitamesue/n/n58622deb5471,web quotation (personal study),asserted metadata; original wording or source-page equality not independently checked,concern: public-release rights/attribution not completely demonstrated
km-016,m08-mind,身体性,S2,km-016-2,decks/kotoba-mine/source/review/a3.json:26,blog,身体性,AIには、身体を持つ人間のように、身体を必要とする経験を積むことは出来ないが、「身体性」は持ち得る。,"AI can't build up experience that requires a body the way humans can, but it can have ""embodiment.""",embodiment,心や言葉の働きが体と結びついている性質。,S1 slogan not standalone scene; P2 unsupported memory superiority claim,"[[""身体性"", ""しんたいせい"", 1]]",[],1,1,True,no additional critical defect found in sampled language review,,concern,S1 slogan not standalone scene; P2 unsupported memory superiority claim,note.com,https://note.com/piccolotakamura/n/n005e186daad4,web quotation (personal study),asserted metadata; original wording or source-page equality not independently checked,concern: public-release rights/attribution not completely demonstrated
km-016,m08-mind,身体性,S3,km-016-3,decks/kotoba-mine/source/review/a3.json:30,blog,身体性,身体性は哲学的命題ではなく、操作的メタファー（比喩）にすぎません。,Embodiment is not a philosophical proposition; it is merely an operational metaphor.,embodiment,心や言葉の働きが体と結びついている性質。,S1 slogan not standalone scene; P2 unsupported memory superiority claim,"[[""身体性"", ""しんたいせい"", 1]]",[],1,1,True,no additional critical defect found in sampled language review,,concern,S1 slogan not standalone scene; P2 unsupported memory superiority claim,note.com,https://note.com/jrdoctor/n/n852194295d9c,web quotation (personal study),asserted metadata; original wording or source-page equality not independently checked,concern: public-release rights/attribution not completely demonstrated
km-016,m08-mind,身体性,P1,km-016-m01;km-016-m02;km-016-m03;km-016-m04,decks/kotoba-mine/source/mcd/s4.json:36,original,身体性,ロボット研究の分野では近年、身体性が改めて注目されている。頭の中で計算するだけでなく、実際に体を動かし、物に触れて失敗することで、初めて身につく知能があると考えられているからだ。,"In robotics research, embodiment has been drawing renewed attention in recent years. That is because some intelligence is thought to be acquired only by actually moving a body, touching things and failing, rather than just calculating inside a head.",embodiment,心や言葉の働きが体と結びついている性質。,S1 slogan not standalone scene; P2 unsupported memory superiority claim,"[[""身体性"", ""しんたいせい"", 1]]","[[""km-016-m02"", ""しん""], [""km-016-m03"", ""たい""], [""km-016-m04"", ""せい""]]",1,1,True,no additional critical defect found in sampled language review,,concern,S1 slogan not standalone scene; P2 unsupported memory superiority claim,書き下ろし（このデッキ用）,,Bunki original,asserted metadata; original wording or source-page equality not independently checked,"original label, authorship provenance not independently verified"
km-016,m08-mind,身体性,P2,km-016-m05,decks/kotoba-mine/source/mcd/s4.json:42,original,身体性,書道の先生はよく「字は手で覚えるもの」と言う。筆の重さや紙の手ざわりを通して身につけた感覚は、頭で理解した知識よりずっと長く残る。学びにおける身体性とは、つまりそういうことなのだろう。,"My calligraphy teacher often says, 'You learn characters with your hand.' A feel acquired through the weight of the brush and the texture of the paper lasts far longer than knowledge understood in the head. That, I suppose, is what embodiment in learning means.",embodiment,心や言葉の働きが体と結びついている性質。,S1 slogan not standalone scene; P2 unsupported memory superiority claim,"[[""身体性"", ""しんたいせい"", 1]]",[],1,1,True,no additional critical defect found in sampled language review,,concern,S1 slogan not standalone scene; P2 unsupported memory superiority claim,書き下ろし（このデッキ用）,,Bunki original,asserted metadata; original wording or source-page equality not independently checked,"original label, authorship provenance not independently verified"
km-008,m08-mind,落脱,S1,km-008-1,decks/kotoba-mine/source/review/a3.json:10,company,落脱し,顔周りの隙間から毛髪が落脱しないように汗止め効果のあるソフトバンドが付いています。,"It has a soft, sweat-absorbing band so hair doesn't slip out through the gaps around the face.",omission in a text,文章から文字や言葉がぬけ落ちること。,S1 hair escape sense conflicts omission-only definition; P3 one-sentence padding,"[[""落脱し"", ""おちだっし"", 1]]",[],1,1,True,no additional critical defect found in sampled language review,,concern,S1 hair escape sense conflicts omission-only definition; P3 one-sentence padding,monotaro.com,https://www.monotaro.com/p/2006/9246/,web quotation (personal study),asserted metadata; original wording or source-page equality not independently checked,concern: public-release rights/attribution not completely demonstrated
km-008,m08-mind,落脱,S2,km-008-2,decks/kotoba-mine/source/review/a3.json:14,original,落脱,古い写本を調べると、数か所に文字の落脱が見つかった。,"Examining the old manuscript, we found characters missing in several places.",omission in a text,文章から文字や言葉がぬけ落ちること。,S1 hair escape sense conflicts omission-only definition; P3 one-sentence padding,"[[""落脱"", ""らくだつ"", 1]]",[],1,1,True,no additional critical defect found in sampled language review,,concern,S1 hair escape sense conflicts omission-only definition; P3 one-sentence padding,書き下ろし（このデッキ用）,,Bunki original,asserted metadata; original wording or source-page equality not independently checked,"original label, authorship provenance not independently verified"
km-008,m08-mind,落脱,P1,km-008-m01;km-008-m02;km-008-m03,decks/kotoba-mine/source/mcd/s2.json:22,original,落脱,この写本は江戸時代に書き写されたもので、ところどころに文字の落脱がある。研究者は別系統の写本と一字ずつ突き合わせ、抜け落ちた語句を補いながら本文を復元していった。,"This manuscript was copied in the Edo period, and characters are missing here and there. Researchers compared it character by character with a manuscript from a different line of transmission and reconstructed the text, filling in the words that had dropped out.",omission in a text,文章から文字や言葉がぬけ落ちること。,S1 hair escape sense conflicts omission-only definition; P3 one-sentence padding,"[[""落脱"", ""らくだつ"", 1]]","[[""km-008-m02"", ""らく""], [""km-008-m03"", ""だつ""]]",1,1,True,no additional critical defect found in sampled language review,,concern,S1 hair escape sense conflicts omission-only definition; P3 one-sentence padding,書き下ろし（このデッキ用）,,Bunki original,asserted metadata; original wording or source-page equality not independently checked,"original label, authorship provenance not independently verified"
km-008,m08-mind,落脱,P2,km-008-m04,decks/kotoba-mine/source/mcd/s2.json:28,original,落脱,校正刷りを読み返していると、三ページ目の一行がまるごと抜けているのに気づいた。組版の段階で生じた落脱らしい。編集者は慌てて印刷所に連絡し、刷り直しを頼んだ。,"Rereading the proofs, I noticed an entire line was missing on page three. It seemed to be an omission that had crept in at the typesetting stage. The editor hurriedly contacted the printer and asked for a reprint.",omission in a text,文章から文字や言葉がぬけ落ちること。,S1 hair escape sense conflicts omission-only definition; P3 one-sentence padding,"[[""落脱"", ""らくだつ"", 1]]",[],1,1,True,no additional critical defect found in sampled language review,,concern,S1 hair escape sense conflicts omission-only definition; P3 one-sentence padding,書き下ろし（このデッキ用）,,Bunki original,asserted metadata; original wording or source-page equality not independently checked,"original label, authorship provenance not independently verified"
km-008,m08-mind,落脱,P3,km-008-m05,decks/kotoba-mine/source/mcd/s2.json:34,original,落脱,古い写本を調べると、数か所に文字の落脱が見つかった。,"When we examined the old manuscript, we found characters missing in several places.",omission in a text,文章から文字や言葉がぬけ落ちること。,S1 hair escape sense conflicts omission-only definition; P3 one-sentence padding,"[[""落脱"", ""らくだつ"", 1]]",[],1,1,True,concern,One-sentence padding fails MCD passage rule.,concern,S1 hair escape sense conflicts omission-only definition; P3 one-sentence padding,書き下ろし（このデッキ用）,,Bunki original,asserted metadata; original wording or source-page equality not independently checked,"original label, authorship provenance not independently verified"
km-080,m09-math,係助,S1,km-080-1,decks/kotoba-mine/source/review/a3.json:114,company,係助詞,係り結びとは、文中に特定の「係助詞」が登場したとき、文末の述語の活用形が変わるというルールです。,"Kakari-musubi is the rule that when certain binding particles appear in a sentence, the conjugated form of the final predicate changes.",binding particle (dictionary label),辞書の品詞表示で、係り助詞を表す略語。,Dictionary-label sense explicit and MCD P1/P2 coherent; sentence/P3 expanded 係助詞 needs distinct form mapping,"[[""係助詞"", ""かかりじょし"", 1]]",[],1,1,True,no additional critical defect found in sampled language review,,concern,Dictionary-label sense explicit and MCD P1/P2 coherent; sentence/P3 expanded 係助詞 needs distinct form mapping,sukyojuku.com,https://sukyojuku.com/%E5%8F%A4%E6%96%87%E3%81%AE%E3%80%8C%E4%BF%82%E3%82%8A%E7%B5%90%E3%81%B3%E3%81%AE%E4%B9%B1%E3%82%8C%E3%80%8D%E3%81%A8%E3%80%8C%E4%BF%82%E3%82%8A%E7%B5%90%E3%81%B3%E3%81%AE%E6%B6%88%E6%BB%85%E3%80%8D-3/,web quotation (personal study),asserted metadata; original wording or source-page equality not independently checked,concern: public-release rights/attribution not completely demonstrated
km-080,m09-math,係助,S2,km-080-2,decks/kotoba-mine/source/review/a3.json:118,wiki,係助詞,朝鮮語には日本語のとよく似た機能（格助詞・副助詞・係助詞に相当）を持つ助詞がある。,"Korean has particles with functions very similar to Japanese ones (equivalent to case particles, adverbial particles and binding particles).",binding particle (dictionary label),辞書の品詞表示で、係り助詞を表す略語。,Dictionary-label sense explicit and MCD P1/P2 coherent; sentence/P3 expanded 係助詞 needs distinct form mapping,"[[""係助詞"", ""かかりじょし"", 1]]",[],1,1,True,no additional critical defect found in sampled language review,,concern,Dictionary-label sense explicit and MCD P1/P2 coherent; sentence/P3 expanded 係助詞 needs distinct form mapping,ja.wikipedia.org,,CC BY-SA (Wikipedia),asserted metadata; original wording or source-page equality not independently checked,concern: public-release rights/attribution not completely demonstrated
km-080,m09-math,係助,P1,km-080-m01;km-080-m02;km-080-m03,decks/kotoba-mine/source/mcd/s6.json:204,original,係助,古語辞典で「ぞ」を引くと、品詞の欄に「係助」と書かれている。係り助詞の略で、「ぞ」が文中にあると、文末の動詞が連体形に変わる。いわゆる係り結びである。,"If you look up ""zo"" in a classical-Japanese dictionary, the part-of-speech field says ""kakarijo."" It is short for binding particle: when ""zo"" appears in a sentence, the verb at the end changes to the attributive form. This is the so-called kakari-musubi.",binding particle (dictionary label),辞書の品詞表示で、係り助詞を表す略語。,Dictionary-label sense explicit and MCD P1/P2 coherent; sentence/P3 expanded 係助詞 needs distinct form mapping,"[[""係助"", ""かかりじょ"", 1]]","[[""km-080-m02"", ""かかり""], [""km-080-m03"", ""じょ""]]",1,1,True,no additional critical defect found in sampled language review,,concern,Dictionary-label sense explicit and MCD P1/P2 coherent; sentence/P3 expanded 係助詞 needs distinct form mapping,書き下ろし（このデッキ用）,,Bunki original,asserted metadata; original wording or source-page equality not independently checked,"original label, authorship provenance not independently verified"
km-080,m09-math,係助,P2,km-080-m04,decks/kotoba-mine/source/mcd/s6.json:210,original,係助,辞書の品詞表示には略語が多い。「格助」は格助詞、「副助」は副助詞を表し、「は」「も」「こそ」などの係り助詞には「係助」と記される。慣れないうちは、巻頭の凡例で確かめるとよい。,"Dictionaries use many abbreviations for parts of speech. ""Kakujo"" stands for case particle and ""fukujo"" for adverbial particle, while binding particles such as ""wa,"" ""mo"" and ""koso"" are marked ""kakarijo."" Until you're used to them, it helps to check the key at the front of the dictionary.",binding particle (dictionary label),辞書の品詞表示で、係り助詞を表す略語。,Dictionary-label sense explicit and MCD P1/P2 coherent; sentence/P3 expanded 係助詞 needs distinct form mapping,"[[""係助"", ""かかりじょ"", 1]]",[],1,1,True,no additional critical defect found in sampled language review,,concern,Dictionary-label sense explicit and MCD P1/P2 coherent; sentence/P3 expanded 係助詞 needs distinct form mapping,書き下ろし（このデッキ用）,,Bunki original,asserted metadata; original wording or source-page equality not independently checked,"original label, authorship provenance not independently verified"
km-080,m09-math,係助,P3,km-080-m05,decks/kotoba-mine/source/mcd/s6.json:216,wiki,係助詞,助詞に相当するものが他の言語にもある。これらは後置詞と呼ばれることが多い。朝鮮語には日本語のとよく似た機能（格助詞・副助詞・係助詞に相当）を持つ助詞がある。,"Other languages also have things equivalent to particles. These are often called postpositions. Korean has particles with functions very similar to Japanese ones (equivalent to case particles, adverbial particles and binding particles).",binding particle (dictionary label),辞書の品詞表示で、係り助詞を表す略語。,Dictionary-label sense explicit and MCD P1/P2 coherent; sentence/P3 expanded 係助詞 needs distinct form mapping,"[[""係助詞"", ""かかりじょし"", 1]]",[],1,1,True,no additional critical defect found in sampled language review,,concern,Dictionary-label sense explicit and MCD P1/P2 coherent; sentence/P3 expanded 係助詞 needs distinct form mapping,ja.wikipedia.org,,CC BY-SA (Wikipedia),asserted metadata; original wording or source-page equality not independently checked,concern: public-release rights/attribution not completely demonstrated
km-121,m09-math,万有引力,S1,km-121-1,decks/kotoba-mine/source/review/a3.json:154,tatoeba,万有引力,私たちはニュートンが万有引力の法則を発見したと習った。,We learned that Newton discovered the law of universal gravitation.,universal gravitation,重さのある物どうしが、互いに引き合う力。,Definition uses weight rather than mass; P2 eclipse accuracy historical assertion requires dated source,"[[""万有引力"", ""ばんゆういんりょく"", 1]]",[],1,1,True,no additional critical defect found in sampled language review,,concern,Definition uses weight rather than mass; P2 eclipse accuracy historical assertion requires dated source,Tatoeba,https://tatoeba.org/ja/sentences/show/166253,CC BY 2.0 FR (Tatoeba),asserted metadata; original wording or source-page equality not independently checked,concern: public-release rights/attribution not completely demonstrated
km-121,m09-math,万有引力,P1,km-121-m01;km-121-m02;km-121-m03;km-121-m04;km-121-m05,decks/kotoba-mine/source/mcd/s3.json:314,original,万有引力,木から落ちるリンゴも、地球のまわりを回る月も、同じ力に引かれている。ニュートンが見抜いたこの万有引力の考え方によって、地上と天上の動きは初めて一つの法則で説明できるようになった。,"The apple falling from the tree and the moon circling the Earth are pulled by the same force. Through this idea of universal gravitation that Newton grasped, motion on Earth and in the heavens could for the first time be explained by a single law.",universal gravitation,重さのある物どうしが、互いに引き合う力。,Definition uses weight rather than mass; P2 eclipse accuracy historical assertion requires dated source,"[[""万有引力"", ""ばんゆういんりょく"", 1]]","[[""km-121-m02"", ""ばん""], [""km-121-m03"", ""ゆう""], [""km-121-m04"", ""いん""], [""km-121-m05"", ""りょく""]]",1,1,True,no additional critical defect found in sampled language review,,concern,Definition uses weight rather than mass; P2 eclipse accuracy historical assertion requires dated source,書き下ろし（このデッキ用）,,Bunki original,asserted metadata; original wording or source-page equality not independently checked,"original label, authorship provenance not independently verified"
km-121,m09-math,万有引力,P2,km-121-m06,decks/kotoba-mine/source/mcd/s3.json:320,literature,万有引力,物理学の方で、今までに知られた一番精密で正確な法則の一つは、ニュートンの万有引力の法則である。この法則に従って、日食や月食を計算すると、百年先の日食が、一秒以内の精度で予言出来る。,"One of the most precise and accurate laws known so far in physics is Newton's law of universal gravitation. Calculating solar and lunar eclipses according to this law, you can predict an eclipse a hundred years ahead to within a second.",universal gravitation,重さのある物どうしが、互いに引き合う力。,Definition uses weight rather than mass; P2 eclipse accuracy historical assertion requires dated source,"[[""万有引力"", ""ばんゆういんりょく"", 1]]",[],1,1,True,no additional critical defect found in sampled language review,,concern,Definition uses weight rather than mass; P2 eclipse accuracy historical assertion requires dated source,青空文庫『科学の限界』中谷宇吉郎,https://www.aozora.gr.jp/cards/001569/,public domain (Aozora Bunko),asserted metadata; original wording or source-page equality not independently checked,concern: public-release rights/attribution not completely demonstrated
km-121,m09-math,万有引力,P3,km-121-m07,decks/kotoba-mine/source/mcd/s3.json:324,literature,万有引力,万有引力の法則は、非常に正確なものであるから、一定の高さから石を落すと、一定時間で地面まで落ちる。何度くり返して落してみても、全く同じ時間で落ちる。,"The law of universal gravitation is extremely accurate, so if you drop a stone from a given height, it reaches the ground in a fixed time. However many times you drop it, it falls in exactly the same time.",universal gravitation,重さのある物どうしが、互いに引き合う力。,Definition uses weight rather than mass; P2 eclipse accuracy historical assertion requires dated source,"[[""万有引力"", ""ばんゆういんりょく"", 1]]",[],1,1,True,no additional critical defect found in sampled language review,,concern,Definition uses weight rather than mass; P2 eclipse accuracy historical assertion requires dated source,青空文庫『科学の限界』中谷宇吉郎,https://www.aozora.gr.jp/cards/001569/,public domain (Aozora Bunko),asserted metadata; original wording or source-page equality not independently checked,concern: public-release rights/attribution not completely demonstrated
km-122,m09-math,自転軸,S1,km-122-1,decks/kotoba-mine/source/review/a1.json:140,wiki,自転軸,天王星の特徴の一つとして、自転軸の極端な傾きが挙げられる。,One of Uranus's distinctive features is the extreme tilt of its axis of rotation.,axis of rotation,星などが回るときの、中心になる線。,P1 plane-vs-normal 23.4-degree error; P2 Uranus mechanism unchecked; learner gloss axle narrower,"[[""自転軸"", ""じてんじく"", 1]]",[],1,1,True,no additional critical defect found in sampled language review,,concern,P1 plane-vs-normal 23.4-degree error; P2 Uranus mechanism unchecked; learner gloss axle narrower,ja.wikipedia.org,,CC BY-SA (Wikipedia),asserted metadata; original wording or source-page equality not independently checked,concern: public-release rights/attribution not completely demonstrated
km-122,m09-math,自転軸,P1,km-122-m01;km-122-m02;km-122-m03;km-122-m04,decks/kotoba-mine/source/mcd/s4.json:304,original,自転軸,地球の自転軸は、公転面に対しておよそ23.4度傾いている。この傾きのおかげで、太陽の光が当たる角度が一年を通して変わり、日本には春夏秋冬の季節が生まれる。,"The Earth's axis of rotation is tilted about 23.4 degrees relative to its orbital plane. Thanks to this tilt, the angle at which sunlight strikes changes through the year, which gives Japan its four seasons.",axis of rotation,星などが回るときの、中心になる線。,P1 plane-vs-normal 23.4-degree error; P2 Uranus mechanism unchecked; learner gloss axle narrower,"[[""自転軸"", ""じてんじく"", 1]]","[[""km-122-m02"", ""じ""], [""km-122-m03"", ""てん""], [""km-122-m04"", ""じく""]]",1,1,True,concern,23.4 degree reference plane is wrong; JP and EN both repeat it.,concern,P1 plane-vs-normal 23.4-degree error; P2 Uranus mechanism unchecked; learner gloss axle narrower,書き下ろし（このデッキ用）,,Bunki original,asserted metadata; original wording or source-page equality not independently checked,"original label, authorship provenance not independently verified"
km-122,m09-math,自転軸,P2,km-122-m05,decks/kotoba-mine/source/mcd/s4.json:310,wiki,自転軸,天王星の大気は、他のガス惑星と比べると雲がほとんど見られず、のっぺりとした外観を持つ。これは、横倒しになった自転軸の影響で、昼夜での気温変化がほとんどないためである。,"Compared with the other gas planets, Uranus's atmosphere shows almost no clouds and looks featureless. This is because, owing to its tipped-over axis of rotation, there is almost no temperature difference between day and night.",axis of rotation,星などが回るときの、中心になる線。,P1 plane-vs-normal 23.4-degree error; P2 Uranus mechanism unchecked; learner gloss axle narrower,"[[""自転軸"", ""じてんじく"", 1]]",[],1,1,True,no additional critical defect found in sampled language review,,concern,P1 plane-vs-normal 23.4-degree error; P2 Uranus mechanism unchecked; learner gloss axle narrower,ja.wikipedia.org,,CC BY-SA (Wikipedia),asserted metadata; original wording or source-page equality not independently checked,concern: public-release rights/attribution not completely demonstrated
km-122,m09-math,自転軸,P3,km-122-m06,decks/kotoba-mine/source/mcd/s4.json:314,wiki,自転軸,木星の赤道傾斜角は、3.08°-3.12°と水星に次いで小さく、自転軸がほぼ垂直である。このため、地球などに見られるような、気象現象の季節変化はあまりないと推測されている。,"Jupiter's axial tilt is 3.08°–3.12°, the second smallest after Mercury, so its axis of rotation is almost vertical. For this reason it is thought to have little of the seasonal change in weather seen on Earth and elsewhere.",axis of rotation,星などが回るときの、中心になる線。,P1 plane-vs-normal 23.4-degree error; P2 Uranus mechanism unchecked; learner gloss axle narrower,"[[""自転軸"", ""じてんじく"", 1]]",[],1,1,True,no additional critical defect found in sampled language review,,concern,P1 plane-vs-normal 23.4-degree error; P2 Uranus mechanism unchecked; learner gloss axle narrower,ja.wikipedia.org,,CC BY-SA (Wikipedia),asserted metadata; original wording or source-page equality not independently checked,concern: public-release rights/attribution not completely demonstrated
km-032,m09-math,帰納的関数,S1,km-032-1,decks/kotoba-mine/source/review/a3.json:48,blog,帰納的関数,計算可能な関数の表現は複数あり、帰納的関数はその一つである。,"There are several ways to represent computable functions, and recursive functions are one of them.",recursive function (logic),決まった操作のくり返しで作られる、計算できる関数。,P1 risks conflating primitive recursive with general recursive; P2 compute-domain nuance needs technical source,"[[""帰納的関数"", ""きのうてきかんすう"", 1]]",[],1,1,True,no additional critical defect found in sampled language review,,concern,P1 risks conflating primitive recursive with general recursive; P2 compute-domain nuance needs technical source,note.com,https://note.com/liberal_arts_sci/n/n083de3e84a29,web quotation (personal study),asserted metadata; original wording or source-page equality not independently checked,concern: public-release rights/attribution not completely demonstrated
km-032,m09-math,帰納的関数,P1,km-032-m01;km-032-m02;km-032-m03;km-032-m04;km-032-m05;km-032-m06,decks/kotoba-mine/source/mcd/s1.json:86,original,帰納的関数,足し算は「1を足す」操作の繰り返しで、掛け算は足し算の繰り返しで定義できる。このように、ごく簡単な関数から決まった規則で次々に組み立てられる関数を帰納的関数という。どんな関数なら計算できるのかを考える際の、出発点となる概念だ。,"Addition can be defined as repeating the operation ""add 1"", and multiplication as repeated addition. Functions built up step by step from very simple ones by fixed rules like this are called recursive functions. The concept is the starting point for asking which functions can be computed at all.",recursive function (logic),決まった操作のくり返しで作られる、計算できる関数。,P1 risks conflating primitive recursive with general recursive; P2 compute-domain nuance needs technical source,"[[""帰納的関数"", ""きのうてきかんすう"", 1]]","[[""km-032-m02"", ""き""], [""km-032-m03"", ""のう""], [""km-032-m04"", ""てき""], [""km-032-m05"", ""かん""], [""km-032-m06"", ""すう""]]",1,1,True,no additional critical defect found in sampled language review,,concern,P1 risks conflating primitive recursive with general recursive; P2 compute-domain nuance needs technical source,書き下ろし（このデッキ用）,,Bunki original,asserted metadata; original wording or source-page equality not independently checked,"original label, authorship provenance not independently verified"
km-032,m09-math,帰納的関数,P2,km-032-m07,decks/kotoba-mine/source/mcd/s1.json:92,original,帰納的関数,数理論理学では、計算できる関数の範囲をいくつかの方法で定式化してきた。帰納的関数もその一つで、チューリング機械で計算できる関数と、ちょうど同じ範囲になることが証明されている。,"Mathematical logic has formalised the range of computable functions in several ways. Recursive functions are one of them, and they have been proved to cover exactly the same range as the functions a Turing machine can compute.",recursive function (logic),決まった操作のくり返しで作られる、計算できる関数。,P1 risks conflating primitive recursive with general recursive; P2 compute-domain nuance needs technical source,"[[""帰納的関数"", ""きのうてきかんすう"", 1]]",[],1,1,True,no additional critical defect found in sampled language review,,concern,P1 risks conflating primitive recursive with general recursive; P2 compute-domain nuance needs technical source,書き下ろし（このデッキ用）,,Bunki original,asserted metadata; original wording or source-page equality not independently checked,"original label, authorship provenance not independently verified"
km-160,m09-math,決定的文脈自由文法,S1,km-160-1,decks/kotoba-mine/source/review/a2.json:186,original,決定的文脈自由文法,多くのプログラミング言語の構文は、決定的文脈自由文法で表せる。,The syntax of many programming languages can be described by a deterministic context-free grammar.,deterministic context-free grammar,後戻りせずに構文を解析できる種類の文法。,Technical definition oversimplified; all-original exposition and P2 one sentence; expert check required,"[[""決定的文脈自由文法"", ""けっていてきぶんみゃくじゆうぶんぽう"", 1]]",[],1,1,True,no additional critical defect found in sampled language review,,concern,Technical definition oversimplified; all-original exposition and P2 one sentence; expert check required,書き下ろし（このデッキ用）,,Bunki original,asserted metadata; original wording or source-page equality not independently checked,"original label, authorship provenance not independently verified"
km-160,m09-math,決定的文脈自由文法,P1,km-160-m01;km-160-m02;km-160-m03;km-160-m04;km-160-m05;km-160-m06;km-160-m07;km-160-m08;km-160-m09;km-160-m10,decks/kotoba-mine/source/mcd/s5.json:434,original,決定的文脈自由文法,決定的文脈自由文法で書かれた言語なら、構文解析器は入力を左から一度読むだけで、後戻りせずに解析を進められる。そのため、多くのプログラミング言語は、この性質を満たすように文法が設計されている。,"For a language written in a deterministic context-free grammar, a parser can proceed by reading the input once from left to right, without backtracking. That's why the grammars of many programming languages are designed to satisfy this property.",deterministic context-free grammar,後戻りせずに構文を解析できる種類の文法。,Technical definition oversimplified; all-original exposition and P2 one sentence; expert check required,"[[""決定的文脈自由文法"", ""けっていてきぶんみゃくじゆうぶんぽう"", 1]]","[[""km-160-m02"", ""けっ""], [""km-160-m03"", ""てい""], [""km-160-m04"", ""てき""], [""km-160-m05"", ""ぶん""], [""km-160-m06"", ""みゃく""], [""km-160-m07"", ""じ""], [""km-160-m08"", ""ゆう""], [""km-160-m09"", ""ぶん""], [""km-160-m10"", ""ぽう""]]",1,1,True,no additional critical defect found in sampled language review,,concern,Technical definition oversimplified; all-original exposition and P2 one sentence; expert check required,書き下ろし（このデッキ用）,,Bunki original,asserted metadata; original wording or source-page equality not independently checked,"original label, authorship provenance not independently verified"
km-160,m09-math,決定的文脈自由文法,P2,km-160-m11,decks/kotoba-mine/source/mcd/s5.json:440,original,決定的文脈自由文法,多くのプログラミング言語の構文は、決定的文脈自由文法で表せる。,The syntax of many programming languages can be expressed with a deterministic context-free grammar.,deterministic context-free grammar,後戻りせずに構文を解析できる種類の文法。,Technical definition oversimplified; all-original exposition and P2 one sentence; expert check required,"[[""決定的文脈自由文法"", ""けっていてきぶんみゃくじゆうぶんぽう"", 1]]",[],1,1,True,concern,One-sentence padding fails MCD passage rule.,concern,Technical definition oversimplified; all-original exposition and P2 one sentence; expert check required,書き下ろし（このデッキ用）,,Bunki original,asserted metadata; original wording or source-page equality not independently checked,"original label, authorship provenance not independently verified"
km-160,m09-math,決定的文脈自由文法,P3,km-160-m12,decks/kotoba-mine/source/mcd/s5.json:444,original,決定的文脈自由文法,人間の言葉は曖昧さに満ちていて、一つの文に複数の解釈が成り立つことも珍しくない。その点、決定的文脈自由文法では、どの時点でも次に取るべき解析の手が一つに決まる。コンパイラが速く動くのは、この性質のおかげでもある。,"Human language is full of ambiguity, and it's not unusual for a single sentence to allow several interpretations. With a deterministic context-free grammar, by contrast, the next parsing step is fixed to a single choice at every point. This property is part of why compilers run fast.",deterministic context-free grammar,後戻りせずに構文を解析できる種類の文法。,Technical definition oversimplified; all-original exposition and P2 one sentence; expert check required,"[[""決定的文脈自由文法"", ""けっていてきぶんみゃくじゆうぶんぽう"", 1]]",[],1,1,True,no additional critical defect found in sampled language review,,concern,Technical definition oversimplified; all-original exposition and P2 one sentence; expert check required,書き下ろし（このデッキ用）,,Bunki original,asserted metadata; original wording or source-page equality not independently checked,"original label, authorship provenance not independently verified"
km-172,m09-math,記号,S1,km-172-1,decks/kotoba-mine/source/review/b4.json:180,example-bank,記号,元素記号Ｈは水素をあらわす。,The chemical symbol H stands for hydrogen.,"symbol, sign",意味を表すために使う、しるしや文字。,Laundry shapes confirmed by CAA; 数年前 needs exact2016 date; S2 最近では2002 outdated; P3 technical density,"[[""記号"", ""きごう"", 1]]",[],1,1,True,no additional critical defect found in sampled language review,,concern,Laundry shapes confirmed by CAA; 数年前 needs exact2016 date; S2 最近では2002 outdated; P3 technical density,例文集（Tanaka/SNOW）,,CC BY 2.0 FR,asserted metadata; original wording or source-page equality not independently checked,concern: public-release rights/attribution not completely demonstrated
km-172,m09-math,記号,S2,km-172-2,decks/kotoba-mine/source/review/b4.json:184,news,記号,最近では2002年に「博物館」と「図書館」の地図記号が追加された。,"Most recently, map symbols for ""museum"" and ""library"" were added in 2002.","symbol, sign",意味を表すために使う、しるしや文字。,Laundry shapes confirmed by CAA; 数年前 needs exact2016 date; S2 最近では2002 outdated; P3 technical density,"[[""記号"", ""きごう"", 1]]",[],1,1,True,no additional critical defect found in sampled language review,,concern,Laundry shapes confirmed by CAA; 数年前 needs exact2016 date; S2 最近では2002 outdated; P3 technical density,ja.wikinews.org,,CC BY 2.5 (Wikinews),asserted metadata; original wording or source-page equality not independently checked,concern: public-release rights/attribution not completely demonstrated
km-172,m09-math,記号,P1,km-172-m01;km-172-m02;km-172-m03,decks/kotoba-mine/source/mcd/s5.json:468,original,記号,洗濯表示の記号は、数年前に国際規格に合わせて新しくなった。たらいの絵は洗濯、三角は漂白、四角は乾燥を表す。初めて見たときは、まるで暗号のようだと思った。,"The symbols on laundry care labels were renewed a few years ago to match international standards. A washtub picture means washing, a triangle bleaching, and a square drying. When I first saw them, I thought they were like a secret code.","symbol, sign",意味を表すために使う、しるしや文字。,Laundry shapes confirmed by CAA; 数年前 needs exact2016 date; S2 最近では2002 outdated; P3 technical density,"[[""記号"", ""きごう"", 1]]","[[""km-172-m02"", ""き""], [""km-172-m03"", ""ごう""]]",1,1,True,concern,Shapes primary-checked; date 数年前 should be2016.,concern,Laundry shapes confirmed by CAA; 数年前 needs exact2016 date; S2 最近では2002 outdated; P3 technical density,書き下ろし（このデッキ用）,,Bunki original,CAA shapes/date verified; original case,"original label, authorship provenance not independently verified"
km-172,m09-math,記号,P2,km-172-m04,decks/kotoba-mine/source/mcd/s5.json:474,wiki,記号,数値とパーセント記号との間にスペースを入れる流儀と入れない流儀がある（100 %か100%か）。Chicago Manual of Style（シカゴ大学出版局）ではスペースなしを奨励している。,There are two schools of thought on whether to put a space between a number and the percent sign (100 % or 100%). The Chicago Manual of Style (University of Chicago Press) recommends no space.,"symbol, sign",意味を表すために使う、しるしや文字。,Laundry shapes confirmed by CAA; 数年前 needs exact2016 date; S2 最近では2002 outdated; P3 technical density,"[[""記号"", ""きごう"", 1]]",[],1,1,True,no additional critical defect found in sampled language review,,concern,Laundry shapes confirmed by CAA; 数年前 needs exact2016 date; S2 最近では2002 outdated; P3 technical density,ja.wikipedia.org,,CC BY-SA (Wikipedia),asserted metadata; original wording or source-page equality not independently checked,concern: public-release rights/attribution not completely demonstrated
km-172,m09-math,記号,P3,km-172-m05,decks/kotoba-mine/source/mcd/s5.json:478,wiki,記号,"しばしばKg KG（キログラム）、Km KM（キロメートル）などと表記されることがあるが、これらは誤りで、正しくはkg kmである。大文字の「K」は、熱力学温度の単位であるケルビンの記号であるため、Kg, Kmと記述した場合は、「ケルビングラム」「ケルビンメートル」と誤読される可能性がある。","They are often written as Kg, KG (kilogram) or Km, KM (kilometer), but these are wrong; the correct forms are kg and km. Because a capital 'K' is the symbol for the kelvin, the unit of thermodynamic temperature, writing Kg or Km could be misread as 'kelvin-gram' or 'kelvin-meter'.","symbol, sign",意味を表すために使う、しるしや文字。,Laundry shapes confirmed by CAA; 数年前 needs exact2016 date; S2 最近では2002 outdated; P3 technical density,"[[""記号"", ""きごう"", 1]]",[],1,1,True,no additional critical defect found in sampled language review,,concern,Laundry shapes confirmed by CAA; 数年前 needs exact2016 date; S2 最近では2002 outdated; P3 technical density,ja.wikipedia.org,,CC BY-SA (Wikipedia),asserted metadata; original wording or source-page equality not independently checked,concern: public-release rights/attribution not completely demonstrated
km-205,m10-table,讃岐うどん,S1,km-205-1,decks/kotoba-mine/source/review/a3.json:234,news,讃岐うどん,海の幸、山の幸を堪能し、本場の讃岐うどんで締める。,"Enjoy the bounty of the sea and the mountains, then finish with authentic Sanuki udon.",Sanuki udon,香川県の名物で、こしが強いうどん。,"Target whole reading pass; 字 hint 讃=さぬ is guessed segmentation, not verified reading","[[""讃岐うどん"", ""さぬきうどん"", 1]]",[],1,1,True,no additional critical defect found in sampled language review,,concern,"Target whole reading pass; 字 hint 讃=さぬ is guessed segmentation, not verified reading",livedoor ニュース／Peachy,http://news.livedoor.com/article/detail/5082699/,CC BY-ND 2.1 JP (livedoor),asserted metadata; original wording or source-page equality not independently checked,concern: public-release rights/attribution not completely demonstrated
km-205,m10-table,讃岐うどん,P1,km-205-m01;km-205-m02;km-205-m03,decks/kotoba-mine/source/mcd/s2.json:556,original,讃岐うどん,香川県は「うどん県」を名乗るほどのうどん好きの土地だ。こしの強い讃岐うどんを目当てに、朝から何軒もの店をはしごする観光客も珍しくない。一杯数百円という手ごろな値段も魅力だ。,"Kagawa loves udon so much that it calls itself 'Udon Prefecture'. It's not unusual for tourists to go from shop to shop from the morning on in search of firm, chewy Sanuki udon. The reasonable price of a few hundred yen a bowl is another attraction.",Sanuki udon,香川県の名物で、こしが強いうどん。,"Target whole reading pass; 字 hint 讃=さぬ is guessed segmentation, not verified reading","[[""讃岐うどん"", ""さぬきうどん"", 1]]","[[""km-205-m02"", ""さぬ""], [""km-205-m03"", ""き""]]",1,1,True,concern,Kanji card km-205-m02 presents guessed 讃=さぬ.,concern,"Target whole reading pass; 字 hint 讃=さぬ is guessed segmentation, not verified reading",書き下ろし（このデッキ用）,,Bunki original,asserted metadata; original wording or source-page equality not independently checked,"original label, authorship provenance not independently verified"
km-205,m10-table,讃岐うどん,P2,km-205-m04,decks/kotoba-mine/source/mcd/s2.json:562,original,讃岐うどん,高松の製麺所の片隅で、ゆでたての讃岐うどんに生卵としょうゆだけをかけてすする。もちもちとしたこしと小麦の香りが口いっぱいに広がり、シンプルさこそがいちばんのごちそうだと思い知らされる。,"In a corner of a noodle factory in Takamatsu, you slurp freshly boiled Sanuki udon topped with nothing but a raw egg and soy sauce. The springy texture and the aroma of wheat fill your mouth, and you realise that simplicity is the greatest treat of all.",Sanuki udon,香川県の名物で、こしが強いうどん。,"Target whole reading pass; 字 hint 讃=さぬ is guessed segmentation, not verified reading","[[""讃岐うどん"", ""さぬきうどん"", 1]]",[],1,1,True,no additional critical defect found in sampled language review,,concern,"Target whole reading pass; 字 hint 讃=さぬ is guessed segmentation, not verified reading",書き下ろし（このデッキ用）,,Bunki original,asserted metadata; original wording or source-page equality not independently checked,"original label, authorship provenance not independently verified"
km-205,m10-table,讃岐うどん,P3,km-205-m05,decks/kotoba-mine/source/mcd/s2.json:568,news,讃岐うどん,海の幸、山の幸を堪能し、本場の讃岐うどんで締める。,"Enjoy the bounty of the sea and the mountains, and finish off with authentic Sanuki udon.",Sanuki udon,香川県の名物で、こしが強いうどん。,"Target whole reading pass; 字 hint 讃=さぬ is guessed segmentation, not verified reading","[[""讃岐うどん"", ""さぬきうどん"", 1]]",[],1,1,True,no additional critical defect found in sampled language review,,concern,"Target whole reading pass; 字 hint 讃=さぬ is guessed segmentation, not verified reading",livedoor ニュース／Peachy,http://news.livedoor.com/article/detail/5082699/,CC BY-ND 2.1 JP (livedoor),asserted metadata; original wording or source-page equality not independently checked,concern: public-release rights/attribution not completely demonstrated
km-002,m10-table,かつお節,S1,km-002-1,decks/kotoba-mine/source/review/a2.json:4,other,かつお節,かつお節は和食において「だし」をとるために使われる最も重要な食材です。,Katsuobushi is the most important ingredient used to make dashi stock in Japanese cooking.,dried bonito flakes,カツオを煮て干し、固くしたもの。,Gloss flakes conflicts P1 whole block shaved and JP def whole block; both senses should be explicit,"[[""かつお節"", ""かつおぶし"", 1]]",[],1,1,True,no additional critical defect found in sampled language review,,concern,Gloss flakes conflicts P1 whole block shaved and JP def whole block; both senses should be explicit,umamiinfo.jp,https://www.umamiinfo.jp/richfood/foodstuff/katsuobushi.html,web quotation (personal study),asserted metadata; original wording or source-page equality not independently checked,concern: public-release rights/attribution not completely demonstrated
km-002,m10-table,かつお節,P1,km-002-m01;km-002-m02,decks/kotoba-mine/source/mcd/s2.json:4,original,かつお節,祖母の台所では、朝いちばんに削り器でかつお節を削る音がしていた。削りたてを鍋に入れてひと煮立ちさせ、こせば、香りのいいだしが取れる。その日の味噌汁は、いつもこのだしから始まった。,"In my grandmother's kitchen, the first sound of the morning was katsuobushi being shaved on the plane. Freshly shaved flakes went into the pot, were brought to a quick boil and strained, and out came a fragrant dashi. Every day's miso soup started with that stock.",dried bonito flakes,カツオを煮て干し、固くしたもの。,Gloss flakes conflicts P1 whole block shaved and JP def whole block; both senses should be explicit,"[[""かつお節"", ""かつおぶし"", 1]]","[[""km-002-m02"", ""ぶし""]]",1,1,True,no additional critical defect found in sampled language review,,concern,Gloss flakes conflicts P1 whole block shaved and JP def whole block; both senses should be explicit,書き下ろし（このデッキ用）,,Bunki original,asserted metadata; original wording or source-page equality not independently checked,"original label, authorship provenance not independently verified"
km-002,m10-table,かつお節,P2,km-002-m03,decks/kotoba-mine/source/mcd/s2.json:10,original,かつお節,お好み焼きが焼き上がったら、ソースとマヨネーズを塗り、青のりとかつお節をたっぷり散らす。熱気にあおられて薄い身がゆらゆらと踊りだすのを見ると、子どもたちは毎回歓声を上げる。,"Once the okonomiyaki is cooked, you spread on sauce and mayonnaise and scatter plenty of green laver and bonito flakes over it. Every time the thin flakes start swaying and dancing in the rising heat, the children cheer.",dried bonito flakes,カツオを煮て干し、固くしたもの。,Gloss flakes conflicts P1 whole block shaved and JP def whole block; both senses should be explicit,"[[""かつお節"", ""かつおぶし"", 1]]",[],1,1,True,no additional critical defect found in sampled language review,,concern,Gloss flakes conflicts P1 whole block shaved and JP def whole block; both senses should be explicit,書き下ろし（このデッキ用）,,Bunki original,asserted metadata; original wording or source-page equality not independently checked,"original label, authorship provenance not independently verified"
km-002,m10-table,かつお節,P3,km-002-m04,decks/kotoba-mine/source/mcd/s2.json:16,literature,鰹節,父は煙草も好き、酒も好きだった。晩酌の一合ばかりを、ちしゃの葉に味噌をくるんで頬ばったりしながら、ちびちびやるのがよほどの楽しみであったらしい。いよいよ飯の菜や酒の肴のない時には、いたら貝か何かに菜漬を入れて、鰹節を少し振りかけて煮るのが父の発明で、それを「煮茎」と呼んでいた。,"My father liked both tobacco and drink. It seems one of his great pleasures was to sip his evening cup or so of sake slowly, now and then stuffing his mouth with miso wrapped in a lettuce leaf. When there was really nothing to go with rice or sake, he would put pickled greens into a scallop shell or some such, sprinkle a little dried bonito over them and simmer it; that was his own invention, and he called it 'nikuki'.",dried bonito flakes,カツオを煮て干し、固くしたもの。,Gloss flakes conflicts P1 whole block shaved and JP def whole block; both senses should be explicit,"[[""鰹節"", ""かつおぶし"", 1]]",[],1,1,True,no additional critical defect found in sampled language review,,concern,Gloss flakes conflicts P1 whole block shaved and JP def whole block; both senses should be explicit,青空文庫『私の父』堺利彦,https://www.aozora.gr.jp/cards/000164/,public domain (Aozora Bunko),asserted metadata; original wording or source-page equality not independently checked,concern: public-release rights/attribution not completely demonstrated
km-214,m10-table,素泊り,S1,km-214-1,decks/kotoba-mine/source/review/a3.json:240,blog,素泊まり,素泊まりなら、その日の気分で自由に予定を組めます。,"If you stay without meals, you can plan your day freely depending on your mood.",room-only stay,宿で、食事をつけずに泊まること。,Variant 素泊まり reading correct; P2 route/names obsolete price and specific unexplained lodge,"[[""素泊まり"", ""すどまり"", 1]]",[],1,1,True,no additional critical defect found in sampled language review,,concern,Variant 素泊まり reading correct; P2 route/names obsolete price and specific unexplained lodge,note.com,https://note.com/fam_kasa/n/nda62e54dccda,web quotation (personal study),asserted metadata; original wording or source-page equality not independently checked,concern: public-release rights/attribution not completely demonstrated
km-214,m10-table,素泊り,P1,km-214-m01;km-214-m02;km-214-m03,decks/kotoba-mine/source/mcd/s5.json:582,original,素泊まり,温泉街の旅館は一泊二食付きが基本だが、最近は素泊まりのプランを用意する宿も増えた。夕食は近くの居酒屋で地元の料理を楽しみ、宿には寝に帰るだけという旅も気軽でいい。,"Inns in hot-spring towns usually include dinner and breakfast, but more and more now offer room-only plans. Enjoying local food at a nearby izakaya for dinner and going back to the inn just to sleep makes for an easygoing trip.",room-only stay,宿で、食事をつけずに泊まること。,Variant 素泊まり reading correct; P2 route/names obsolete price and specific unexplained lodge,"[[""素泊まり"", ""すどまり"", 1]]","[[""km-214-m02"", ""す""], [""km-214-m03"", ""ど""]]",1,1,True,no additional critical defect found in sampled language review,,concern,Variant 素泊まり reading correct; P2 route/names obsolete price and specific unexplained lodge,書き下ろし（このデッキ用）,,Bunki original,asserted metadata; original wording or source-page equality not independently checked,"original label, authorship provenance not independently verified"
km-214,m10-table,素泊り,P2,km-214-m04,decks/kotoba-mine/source/mcd/s5.json:588,literature,素泊り,米を若干買入れて大町へ向う。大町では葛行バスの終車に乗り遅れ、「山七」旅館に泊る。素泊りで一一〇円。暇つぶしに湯俣温泉小屋持主を訪ね、天上沢の路が予想外に良いことを聞き安心する。,"I buy a little rice and head for Omachi. In Omachi I miss the last bus to Kuzu and stay at the Yamashichi inn. Room only, 110 yen. To kill time I visit the owner of the Yumata hot-spring hut, and am relieved to hear that the Tenjozawa trail is better than expected.",room-only stay,宿で、食事をつけずに泊まること。,Variant 素泊まり reading correct; P2 route/names obsolete price and specific unexplained lodge,"[[""素泊り"", ""すどまり"", 1]]",[],1,1,True,no additional critical defect found in sampled language review,,concern,Variant 素泊まり reading correct; P2 route/names obsolete price and specific unexplained lodge,青空文庫『槍ガ岳』（北鎌尾根）,https://www.aozora.gr.jp/cards/000307/,public domain (Aozora Bunko),asserted metadata; original wording or source-page equality not independently checked,concern: public-release rights/attribution not completely demonstrated
km-214,m10-table,素泊り,P3,km-214-m05,decks/kotoba-mine/source/mcd/s5.json:592,original,素泊まり,出張で泊まるホテルは、いつも素泊まりにしている。朝はぎりぎりまで寝ていたいし、食事は駅前のコンビニで十分だ。そのぶん宿代が安く済むので、会社にも喜ばれる。,"When I stay at a hotel on business trips, I always book room only. In the morning I want to sleep until the last minute, and the convenience store in front of the station is enough for meals. It keeps the hotel bill down, so the company is happy too.",room-only stay,宿で、食事をつけずに泊まること。,Variant 素泊まり reading correct; P2 route/names obsolete price and specific unexplained lodge,"[[""素泊まり"", ""すどまり"", 1]]",[],1,1,True,no additional critical defect found in sampled language review,,concern,Variant 素泊まり reading correct; P2 route/names obsolete price and specific unexplained lodge,書き下ろし（このデッキ用）,,Bunki original,asserted metadata; original wording or source-page equality not independently checked,"original label, authorship provenance not independently verified"
km-163,m10-table,創開,S1,km-163-1,decks/kotoba-mine/source/review/a2.json:194,original,創開,その老舗は明治十年に創開し、今も同じ場所で営業している。,That long-established shop was founded in 1877 and is still in business at the same location.,founding of a shop,店などを新しく開くこと。珍しい言葉。,"Rare founding term despite grand-opening gloss; originals all repeat founding scene, P3 one sentence","[[""創開"", ""そうかい"", 1]]",[],1,1,True,no additional critical defect found in sampled language review,,concern,"Rare founding term despite grand-opening gloss; originals all repeat founding scene, P3 one sentence",書き下ろし（このデッキ用）,,Bunki original,asserted metadata; original wording or source-page equality not independently checked,"original label, authorship provenance not independently verified"
km-163,m10-table,創開,P1,km-163-m01;km-163-m02;km-163-m03,decks/kotoba-mine/source/mcd/s2.json:436,original,創開,この和菓子屋は、明治の初めに創開した老舗だ。初代が考案した栗まんじゅうは、百五十年たった今も店の看板商品で、のれんには初代のころからの屋号が染め抜かれている。,"This Japanese sweet shop is a long-established business founded in the early Meiji era. The chestnut bun devised by its first owner is still its signature product 150 years later, and the shop curtain is dyed with the trade name used since the founder's day.",founding of a shop,店などを新しく開くこと。珍しい言葉。,"Rare founding term despite grand-opening gloss; originals all repeat founding scene, P3 one sentence","[[""創開"", ""そうかい"", 1]]","[[""km-163-m02"", ""そう""], [""km-163-m03"", ""かい""]]",1,1,True,no additional critical defect found in sampled language review,,concern,"Rare founding term despite grand-opening gloss; originals all repeat founding scene, P3 one sentence",書き下ろし（このデッキ用）,,Bunki original,asserted metadata; original wording or source-page equality not independently checked,"original label, authorship provenance not independently verified"
km-163,m10-table,創開,P2,km-163-m04,decks/kotoba-mine/source/mcd/s2.json:442,original,創開,戦後まもなく、祖父は焼け跡の残る駅前に小さな洋食屋を創開した。物資の乏しい時代、闇市で集めた材料で作るオムライスが評判を呼んだという。店は今、三代目にあたる私の兄が切り盛りしている。,"Shortly after the war, my grandfather opened a small Western-style restaurant in front of the station, where burnt-out ruins still stood. In those days of scarcity, it is said, his omelette rice, made from ingredients gathered on the black market, made a name for itself. Today the restaurant is run by my older brother, the third generation.",founding of a shop,店などを新しく開くこと。珍しい言葉。,"Rare founding term despite grand-opening gloss; originals all repeat founding scene, P3 one sentence","[[""創開"", ""そうかい"", 1]]",[],1,1,True,no additional critical defect found in sampled language review,,concern,"Rare founding term despite grand-opening gloss; originals all repeat founding scene, P3 one sentence",書き下ろし（このデッキ用）,,Bunki original,asserted metadata; original wording or source-page equality not independently checked,"original label, authorship provenance not independently verified"
km-163,m10-table,創開,P3,km-163-m05,decks/kotoba-mine/source/mcd/s2.json:448,original,創開,その老舗は明治十年に創開し、今も同じ場所で営業している。,That old shop was founded in 1877 and still does business in the same place today.,founding of a shop,店などを新しく開くこと。珍しい言葉。,"Rare founding term despite grand-opening gloss; originals all repeat founding scene, P3 one sentence","[[""創開"", ""そうかい"", 1]]",[],1,1,True,concern,One-sentence padding fails MCD passage rule.,concern,"Rare founding term despite grand-opening gloss; originals all repeat founding scene, P3 one sentence",書き下ろし（このデッキ用）,,Bunki original,asserted metadata; original wording or source-page equality not independently checked,"original label, authorship provenance not independently verified"
km-208,m10-table,あて先変更,S1,km-208-1,decks/kotoba-mine/source/review/a1.json:242,blog,あて先変更,差出人は郵便局へあて先変更や取戻しを相談できる。,The sender can ask the post office about redirecting an item or getting it back.,change of delivery address,郵便物を届ける住所を新しくすること。,P3 Japan Post sender change supported; P1 sweeping delivery-company web procedure unverified,"[[""あて先変更"", ""あてさきへんこう"", 1]]",[],1,1,True,no additional critical defect found in sampled language review,,concern,P3 Japan Post sender change supported; P1 sweeping delivery-company web procedure unverified,yuubinnote.org,https://yuubinnote.org/85/,web quotation (personal study),asserted metadata; original wording or source-page equality not independently checked,concern: public-release rights/attribution not completely demonstrated
km-208,m10-table,あて先変更,P1,km-208-m01;km-208-m02;km-208-m03;km-208-m04,decks/kotoba-mine/source/mcd/s5.json:564,original,あて先変更,通販で注文した荷物を、自宅ではなく職場で受け取りたくなった。配送業者のサイトから手続きをすれば、発送後でもあて先変更ができる。ただし、配達がすでに始まっている場合は受け付けてもらえないこともある。,"I decided I wanted to receive a package I'd ordered online at work rather than at home. If you go through the delivery company's website, you can change the delivery address even after it has shipped. However, if delivery is already under way, the request may not be accepted.",change of delivery address,郵便物を届ける住所を新しくすること。,P3 Japan Post sender change supported; P1 sweeping delivery-company web procedure unverified,"[[""あて先変更"", ""あてさきへんこう"", 1]]","[[""km-208-m02"", ""さき""], [""km-208-m03"", ""へん""], [""km-208-m04"", ""こう""]]",1,1,True,no additional critical defect found in sampled language review,,concern,P3 Japan Post sender change supported; P1 sweeping delivery-company web procedure unverified,書き下ろし（このデッキ用）,,Bunki original,asserted metadata; original wording or source-page equality not independently checked,"original label, authorship provenance not independently verified"
km-208,m10-table,あて先変更,P2,km-208-m05,decks/kotoba-mine/source/mcd/s5.json:570,blog,あて先変更,差出人は郵便局へあて先変更や取戻しを相談できる。,The sender can consult the post office about changing the delivery address or retrieving the item.,change of delivery address,郵便物を届ける住所を新しくすること。,P3 Japan Post sender change supported; P1 sweeping delivery-company web procedure unverified,"[[""あて先変更"", ""あてさきへんこう"", 1]]",[],1,1,True,no additional critical defect found in sampled language review,,concern,P3 Japan Post sender change supported; P1 sweeping delivery-company web procedure unverified,yuubinnote.org,https://yuubinnote.org/85/,web quotation (personal study),asserted metadata; original wording or source-page equality not independently checked,concern: public-release rights/attribution not completely demonstrated
km-208,m10-table,あて先変更,P3,km-208-m06,decks/kotoba-mine/source/mcd/s5.json:574,original,あて先変更,出したばかりの年賀状の住所が、古いものだったことに気づいた。郵便局に相談すると、差出人なら手数料を払ってあて先変更を頼めると教えてくれた。おかげで、元日には新しい家に届いたそうだ。,"I realized the address on a New Year's card I'd just mailed was an old one. When I asked at the post office, they told me that as the sender I could pay a fee and request a change of delivery address. Thanks to that, I heard it reached the new home on New Year's Day.",change of delivery address,郵便物を届ける住所を新しくすること。,P3 Japan Post sender change supported; P1 sweeping delivery-company web procedure unverified,"[[""あて先変更"", ""あてさきへんこう"", 1]]",[],1,1,True,no additional critical defect found in sampled language review,,concern,P3 Japan Post sender change supported; P1 sweeping delivery-company web procedure unverified,書き下ろし（このデッキ用）,,Bunki original,Japan Post procedure partially confirmed,"original label, authorship provenance not independently verified"
km-323,m10-table,濁る,S1,km-323-1,decks/kotoba-mine/source/review/a3.json:308,company,濁っ,飼育を始めて数日後、水が白く濁ってしまった。,"A few days after I started keeping fish, the water turned cloudy white.",become cloudy or muddy,水などが透き通らなくなる。,Written cloudy-water sense passes; S1/P3 form 濁っ stem; remaining learner senses absent,"[[""濁っ"", ""にごっ"", 1]]",[],1,1,True,no additional critical defect found in sampled language review,,concern,Written cloudy-water sense passes; S1/P3 form 濁っ stem; remaining learner senses absent,www.gex-fp.co.jp,https://www.gex-fp.co.jp/fish/blog/qa/best-water-2/,web quotation (personal study),asserted metadata; original wording or source-page equality not independently checked,concern: public-release rights/attribution not completely demonstrated
km-323,m10-table,濁る,P1,km-323-m01;km-323-m02,decks/kotoba-mine/source/mcd/s6.json:876,original,濁って,上流で大雨が降ったせいで、いつもは底まで透き通っている川がすっかり濁っていた。釣りを楽しみにしていた兄は、竿を手にしたまま恨めしそうに水面を眺めていた。,"Because of heavy rain upstream, the river, which is usually clear all the way to the bottom, had turned completely muddy. My older brother, who had been looking forward to fishing, stood holding his rod and gazed resentfully at the water.",become cloudy or muddy,水などが透き通らなくなる。,Written cloudy-water sense passes; S1/P3 form 濁っ stem; remaining learner senses absent,"[[""濁って"", ""にごって"", 1]]","[[""km-323-m02"", ""にご""]]",1,1,True,no additional critical defect found in sampled language review,,concern,Written cloudy-water sense passes; S1/P3 form 濁っ stem; remaining learner senses absent,書き下ろし（このデッキ用）,,Bunki original,asserted metadata; original wording or source-page equality not independently checked,"original label, authorship provenance not independently verified"
km-323,m10-table,濁る,P2,km-323-m03,decks/kotoba-mine/source/mcd/s6.json:882,original,濁って,庭の池の水が濁ってくると、泳いでいる鯉の姿が見えなくなる。そのため祖父は月に一度、ポンプで水を入れ替え、池の底にたまった泥をさらっている。澄んだ水の中を鯉がゆったり泳ぐ姿は、祖父の何よりの自慢だ。,"When the water in the garden pond gets cloudy, you can no longer see the carp swimming in it. So once a month my grandfather changes the water with a pump and scoops out the mud that has settled on the bottom. The sight of carp gliding through clear water is his greatest pride.",become cloudy or muddy,水などが透き通らなくなる。,Written cloudy-water sense passes; S1/P3 form 濁っ stem; remaining learner senses absent,"[[""濁って"", ""にごって"", 1]]",[],1,1,True,no additional critical defect found in sampled language review,,concern,Written cloudy-water sense passes; S1/P3 form 濁っ stem; remaining learner senses absent,書き下ろし（このデッキ用）,,Bunki original,asserted metadata; original wording or source-page equality not independently checked,"original label, authorship provenance not independently verified"
km-323,m10-table,濁る,P3,km-323-m04,decks/kotoba-mine/source/mcd/s6.json:888,company,濁っ,飼育を始めて数日後、水が白く濁ってしまった。,"A few days after I started keeping them, the water turned cloudy and white.",become cloudy or muddy,水などが透き通らなくなる。,Written cloudy-water sense passes; S1/P3 form 濁っ stem; remaining learner senses absent,"[[""濁っ"", ""にごっ"", 1]]",[],1,1,True,no additional critical defect found in sampled language review,,concern,Written cloudy-water sense passes; S1/P3 form 濁っ stem; remaining learner senses absent,www.gex-fp.co.jp,https://www.gex-fp.co.jp/fish/blog/qa/best-water-2/,web quotation (personal study),asserted metadata; original wording or source-page equality not independently checked,concern: public-release rights/attribution not completely demonstrated
km-118,m11-people,なお,S1,km-118-1,decks/kotoba-mine/source/review/b4.json:110,other,なお,東日本大震災から10年が経過しましたが、被災地の多くでは今もなお、復興が続けられています。,"Ten years have passed since the Great East Japan Earthquake, yet reconstruction is still going on in many of the affected areas.",note that; still,あとから言い足すときの書き言葉。,S1 still-sense def mismatch; P1 non-target 方=ほう and 土曜日=どようひ; P3 contextless なお sentence,"[[""なお"", ""なお"", 1]]",[],1,1,True,concern,Sense is still; JP hint only covers supplemental note.,concern,S1 still-sense def mismatch; P1 non-target 方=ほう and 土曜日=どようひ; P3 contextless なお sentence,ggi.tohoku.ac.jp,https://www.ggi.tohoku.ac.jp/fukushima.html,web quotation (personal study),asserted metadata; original wording or source-page equality not independently checked,concern: public-release rights/attribution not completely demonstrated
km-118,m11-people,なお,S2,km-118-2,decks/kotoba-mine/source/review/b4.json:114,original,なお,なお、明日の会議は午後3時からです。,Note that tomorrow's meeting starts at 3 p.m.,note that; still,あとから言い足すときの書き言葉。,S1 still-sense def mismatch; P1 non-target 方=ほう and 土曜日=どようひ; P3 contextless なお sentence,"[[""なお"", ""なお"", 1]]",[],1,1,True,no additional critical defect found in sampled language review,,concern,S1 still-sense def mismatch; P1 non-target 方=ほう and 土曜日=どようひ; P3 contextless なお sentence,書き下ろし（このデッキ用）,,Bunki original,asserted metadata; original wording or source-page equality not independently checked,"original label, authorship provenance not independently verified"
km-118,m11-people,なお,P1,km-118-m01,decks/kotoba-mine/source/mcd/s6.json:308,original,なお,秋の文化祭は十月二十日の土曜日に開かれます。一般の方もどなたでも自由に見学できます。なお、校内には駐車場がありませんので、お越しの際は電車やバスをご利用ください。,"The autumn school festival will be held on Saturday, October 20. Members of the public are welcome to visit freely. Please note that there is no parking on campus, so please come by train or bus.",note that; still,あとから言い足すときの書き言葉。,S1 still-sense def mismatch; P1 non-target 方=ほう and 土曜日=どようひ; P3 contextless なお sentence,"[[""なお"", ""なお"", 1]]",[],1,1,True,concern,"Wrong ordinary ruby 方=ほう, 土曜日=どようひ.",concern,S1 still-sense def mismatch; P1 non-target 方=ほう and 土曜日=どようひ; P3 contextless なお sentence,書き下ろし（このデッキ用）,,Bunki original,asserted metadata; original wording or source-page equality not independently checked,"original label, authorship provenance not independently verified"
km-118,m11-people,なお,P2,km-118-m02,decks/kotoba-mine/source/mcd/s6.json:314,original,なお,市は来年度から、燃えるごみの収集を週三回から二回に減らすと発表した。収集日は地区ごとに改めて知らせる。なお、粗大ごみの出し方はこれまでと変わらない。,The city announced that from next fiscal year it will cut burnable-garbage collection from three times a week to twice. Collection days will be announced separately for each district. Note that the rules for bulky garbage remain unchanged.,note that; still,あとから言い足すときの書き言葉。,S1 still-sense def mismatch; P1 non-target 方=ほう and 土曜日=どようひ; P3 contextless なお sentence,"[[""なお"", ""なお"", 1]]",[],1,1,True,no additional critical defect found in sampled language review,,concern,S1 still-sense def mismatch; P1 non-target 方=ほう and 土曜日=どようひ; P3 contextless なお sentence,書き下ろし（このデッキ用）,,Bunki original,asserted metadata; original wording or source-page equality not independently checked,"original label, authorship provenance not independently verified"
km-118,m11-people,なお,P3,km-118-m03,decks/kotoba-mine/source/mcd/s6.json:320,original,なお,なお、明日の会議は午後3時からです。,Note that tomorrow's meeting starts at 3 p.m.,note that; still,あとから言い足すときの書き言葉。,S1 still-sense def mismatch; P1 non-target 方=ほう and 土曜日=どようひ; P3 contextless なお sentence,"[[""なお"", ""なお"", 1]]",[],1,1,True,concern,One-sentence padding fails MCD passage rule.,concern,S1 still-sense def mismatch; P1 non-target 方=ほう and 土曜日=どようひ; P3 contextless なお sentence,書き下ろし（このデッキ用）,,Bunki original,asserted metadata; original wording or source-page equality not independently checked,"original label, authorship provenance not independently verified"
km-098,m11-people,忍び,S1,km-098-1,decks/kotoba-mine/source/review/b4.json:76,gov,忍び,甲賀（こうか）といえば隣接する伊賀（いが）とともに「忍びの里」として広く知られています。,"Koka, together with neighbouring Iga, is widely known as a home of the ninja.",secrecy; going incognito,人に知られないように、こっそり動くこと。,Ninja P1/S1 def mismatch; black-garb factual stereotype; 甲賀=こうが conflicts explicit（こうか）,"[[""忍び"", ""しのび"", 1]]",[],1,1,True,concern,Sense ninja; JP definition stealth; source itself says 甲賀（こうか） but ruby=こうが.,concern,Ninja P1/S1 def mismatch; black-garb factual stereotype; 甲賀=こうが conflicts explicit（こうか）,www.city.koka.lg.jp,https://www.city.koka.lg.jp/10977.htm,web quotation (personal study),asserted metadata; original wording or source-page equality not independently checked,concern: public-release rights/attribution not completely demonstrated
km-098,m11-people,忍び,S2,km-098-2,decks/kotoba-mine/source/review/b4.json:80,news,忍び,お忍びで訪れるセレブリティも多いとか。,Apparently many celebrities visit incognito.,secrecy; going incognito,人に知られないように、こっそり動くこと。,Ninja P1/S1 def mismatch; black-garb factual stereotype; 甲賀=こうが conflicts explicit（こうか）,"[[""忍び"", ""しのび"", 1]]",[],1,1,True,no additional critical defect found in sampled language review,,concern,Ninja P1/S1 def mismatch; black-garb factual stereotype; 甲賀=こうが conflicts explicit（こうか）,livedoor ニュース／独女通信,http://news.livedoor.com/article/detail/5858077/,CC BY-ND 2.1 JP (livedoor),asserted metadata; original wording or source-page equality not independently checked,concern: public-release rights/attribution not completely demonstrated
km-098,m11-people,忍び,P1,km-098-m01;km-098-m02,decks/kotoba-mine/source/mcd/s5.json:258,original,忍び,伊賀や甲賀の忍びは、敵の城に入り込んで情報を集めるのが主な仕事だった。黒い装束で闇にまぎれ、足音を立てずに歩く訓練を積んでいたという。正体を知られることは、そのまま死を意味した。,The main job of the shinobi of Iga and Koga was to slip into enemy castles and gather information. They are said to have trained to blend into the darkness in black garb and walk without making a sound. Having their identity discovered meant death.,secrecy; going incognito,人に知られないように、こっそり動くこと。,Ninja P1/S1 def mismatch; black-garb factual stereotype; 甲賀=こうが conflicts explicit（こうか）,"[[""忍び"", ""しのび"", 1]]","[[""km-098-m02"", ""しの""]]",1,1,True,concern,"Sense ninja, JP definition stealth; black-costume stereotype unsupported.",concern,Ninja P1/S1 def mismatch; black-garb factual stereotype; 甲賀=こうが conflicts explicit（こうか）,書き下ろし（このデッキ用）,,Bunki original,asserted metadata; original wording or source-page equality not independently checked,"original label, authorship provenance not independently verified"
km-098,m11-people,忍び,P2,km-098-m03,decks/kotoba-mine/source/mcd/s5.json:264,news,忍び,エーゲ海最南端のボドラムは、最も人気の高いリゾート地のひとつで、夏のバケーションシーズンはもちろん、冬の避寒地としても賑わう。オシャレなオープンカフェやレストランのほか、バーやナイトクラブも多数あり、ナイトライフが充実している。お忍びで訪れるセレブリティも多いとか。,"Bodrum, at the southernmost tip of the Aegean, is one of the most popular resorts, busy not only in the summer vacation season but also as a winter retreat. Besides stylish open-air cafés and restaurants, it has many bars and nightclubs and a lively nightlife. Many celebrities are said to visit incognito.",secrecy; going incognito,人に知られないように、こっそり動くこと。,Ninja P1/S1 def mismatch; black-garb factual stereotype; 甲賀=こうが conflicts explicit（こうか）,"[[""忍び"", ""しのび"", 1]]",[],1,1,True,no additional critical defect found in sampled language review,,concern,Ninja P1/S1 def mismatch; black-garb factual stereotype; 甲賀=こうが conflicts explicit（こうか）,livedoor ニュース／独女通信,http://news.livedoor.com/article/detail/5858077/,CC BY-ND 2.1 JP (livedoor),asserted metadata; original wording or source-page equality not independently checked,concern: public-release rights/attribution not completely demonstrated
km-098,m11-people,忍び,P3,km-098-m04,decks/kotoba-mine/source/mcd/s5.json:268,original,忍び,人気歌手が、休暇中にお忍びで北海道の小さな温泉宿に泊まっていたことがわかった。帽子とマスクで顔を隠していたため、宿の主人もチェックアウトのときまで本人だと気づかなかったそうだ。,"It has come out that a popular singer stayed incognito at a small hot-spring inn in Hokkaido during a vacation. Because the singer's face was hidden under a hat and mask, even the innkeeper didn't realize who it was until checkout.",secrecy; going incognito,人に知られないように、こっそり動くこと。,Ninja P1/S1 def mismatch; black-garb factual stereotype; 甲賀=こうが conflicts explicit（こうか）,"[[""忍び"", ""しのび"", 1]]",[],1,1,True,no additional critical defect found in sampled language review,,concern,Ninja P1/S1 def mismatch; black-garb factual stereotype; 甲賀=こうが conflicts explicit（こうか）,書き下ろし（このデッキ用）,,Bunki original,asserted metadata; original wording or source-page equality not independently checked,"original label, authorship provenance not independently verified"
km-247,m11-people,がち,S1,km-247-1,decks/kotoba-mine/source/review/b1.json:328,blog,ガチ,ガチで美味しいんですよ。,It's seriously delicious.,for real (slang),本気であること。若者の言葉。,Slang ガチ contexts and reading pass; suffix がち must be blocked in ranker; P3 contextless shop,"[[""ガチ"", ""がち"", 1]]",[],1,1,True,no additional critical defect found in sampled language review,,concern,Slang ガチ contexts and reading pass; suffix がち must be blocked in ranker; P3 contextless shop,b.houyhnhnm.jp,https://b.houyhnhnm.jp/matsui_tomonori/2024/07/08/96860/,web quotation (personal study),asserted metadata; original wording or source-page equality not independently checked,concern: public-release rights/attribution not completely demonstrated
km-247,m11-people,がち,S2,km-247-2,decks/kotoba-mine/source/review/b1.json:332,blog,ガチ,プロゲーマーは、まさに「ガチ勢」の代表例です。,Pro gamers are the very model of people who take it dead seriously.,for real (slang),本気であること。若者の言葉。,Slang ガチ contexts and reading pass; suffix がち must be blocked in ranker; P3 contextless shop,"[[""ガチ"", ""がち"", 1]]",[],1,1,True,no additional critical defect found in sampled language review,,concern,Slang ガチ contexts and reading pass; suffix がち must be blocked in ranker; P3 contextless shop,note.com,https://note.com/tsukamoto/n/nbcfa5eccc746,web quotation (personal study),asserted metadata; original wording or source-page equality not independently checked,concern: public-release rights/attribution not completely demonstrated
km-247,m11-people,がち,P1,km-247-m01,decks/kotoba-mine/source/mcd/s2.json:672,original,ガチ,「え、あの店のラーメン、そんなにうまいの？」「いや、ガチでうまいって。俺、先週だけで三回行ったもん。」半信半疑でついて行った友人は、スープを一口飲んだとたん黙り込み、気づけば替え玉まで頼んでいた。,"'What, the ramen at that place is really that good?' 'No, seriously, it's legit. I went three times just last week.' My friend tagged along, half doubtful, but went quiet the moment he tasted the soup, and before he knew it he'd ordered extra noodles.",for real (slang),本気であること。若者の言葉。,Slang ガチ contexts and reading pass; suffix がち must be blocked in ranker; P3 contextless shop,"[[""ガチ"", ""がち"", 1]]",[],1,1,True,no additional critical defect found in sampled language review,,concern,Slang ガチ contexts and reading pass; suffix がち must be blocked in ranker; P3 contextless shop,書き下ろし（このデッキ用）,,Bunki original,asserted metadata; original wording or source-page equality not independently checked,"original label, authorship provenance not independently verified"
km-247,m11-people,がち,P2,km-247-m02,decks/kotoba-mine/source/mcd/s2.json:678,original,ガチ,最初は遊びのつもりで始めたマラソンだったが、気づけば兄はガチになっていた。毎朝五時に起きて十キロ走り、食事も鶏むね肉とブロッコリーばかり。来年はフルマラソンで三時間を切るのが目標らしい。,"My brother took up running just for fun, but before long he was dead serious about it. He gets up at five every morning to run 10 km and eats nothing but chicken breast and broccoli. Apparently his goal is to break three hours in a full marathon next year.",for real (slang),本気であること。若者の言葉。,Slang ガチ contexts and reading pass; suffix がち must be blocked in ranker; P3 contextless shop,"[[""ガチ"", ""がち"", 1]]",[],1,1,True,no additional critical defect found in sampled language review,,concern,Slang ガチ contexts and reading pass; suffix がち must be blocked in ranker; P3 contextless shop,書き下ろし（このデッキ用）,,Bunki original,asserted metadata; original wording or source-page equality not independently checked,"original label, authorship provenance not independently verified"
km-247,m11-people,がち,P3,km-247-m03,decks/kotoba-mine/source/mcd/s2.json:684,blog,ガチ,ガチで美味しいんですよ。,It's seriously delicious.,for real (slang),本気であること。若者の言葉。,Slang ガチ contexts and reading pass; suffix がち must be blocked in ranker; P3 contextless shop,"[[""ガチ"", ""がち"", 1]]",[],1,1,True,no additional critical defect found in sampled language review,,concern,Slang ガチ contexts and reading pass; suffix がち must be blocked in ranker; P3 contextless shop,b.houyhnhnm.jp,https://b.houyhnhnm.jp/matsui_tomonori/2024/07/08/96860/,web quotation (personal study),asserted metadata; original wording or source-page equality not independently checked,concern: public-release rights/attribution not completely demonstrated
km-056,m11-people,軈,S1,km-056-1,decks/kotoba-mine/source/review/a1.json:76,example-bank,軈て,軈て幽霊は濃い霧の中に消えた。,"Before long, the ghost disappeared into a thick fog.","before long, eventually",それほど時間がたたないうちに。,Written 軈て + modern やがて labelled correctly; rare kanji hint やが should be audited not general reading,"[[""軈て"", ""やがて"", 1]]",[],1,1,True,no additional critical defect found in sampled language review,,concern,Written 軈て + modern やがて labelled correctly; rare kanji hint やが should be audited not general reading,例文集（Tanaka/SNOW）,,CC BY 2.0 FR,asserted metadata; original wording or source-page equality not independently checked,concern: public-release rights/attribution not completely demonstrated
km-056,m11-people,軈,S2,km-056-2,decks/kotoba-mine/source/review/a1.json:80,literature,軈て,人々は軈て気づいた。,"Eventually, people realized.","before long, eventually",それほど時間がたたないうちに。,Written 軈て + modern やがて labelled correctly; rare kanji hint やが should be audited not general reading,"[[""軈て"", ""やがて"", 1]]",[],1,1,True,no additional critical defect found in sampled language review,,concern,Written 軈て + modern やがて labelled correctly; rare kanji hint やが should be audited not general reading,kakuyomu.jp,https://kakuyomu.jp/works/11054822663643717824,web quotation (personal study),asserted metadata; original wording or source-page equality not independently checked,concern: public-release rights/attribution not completely demonstrated
km-056,m11-people,軈,P1,km-056-m01;km-056-m02,decks/kotoba-mine/source/mcd/s1.json:154,original,軈て,夕立は小一時間ほど激しく降り続いたが、軈て雲が切れ、西の空に薄日が差してきた。軒下で雨宿りをしていた人々も、一人、また一人と歩き出していった。,"The evening shower poured down hard for the better part of an hour, but before long the clouds broke and a faint sun shone in the western sky. The people sheltering under the eaves set off again, one by one.","before long, eventually",それほど時間がたたないうちに。,Written 軈て + modern やがて labelled correctly; rare kanji hint やが should be audited not general reading,"[[""軈て"", ""やがて"", 1]]","[[""km-056-m02"", ""やが""]]",1,1,True,no additional critical defect found in sampled language review,,concern,Written 軈て + modern やがて labelled correctly; rare kanji hint やが should be audited not general reading,書き下ろし（このデッキ用）,,Bunki original,asserted metadata; original wording or source-page equality not independently checked,"original label, authorship provenance not independently verified"
km-056,m11-people,軈,P2,km-056-m03,decks/kotoba-mine/source/mcd/s1.json:160,news,やがて,ギターを始めたのは、小学生からという相星氏。普通の子供たちと同じようにロックから弾き始めて相星少年は、やがて高校生となりブルースを知り、ジャズの魅力に取りつかれていったという。,"Mr Aiboshi started playing guitar in elementary school. Like any other kid he began with rock, and as he grew into a high-school student he discovered the blues and was eventually captivated by the charm of jazz, he says.","before long, eventually",それほど時間がたたないうちに。,Written 軈て + modern やがて labelled correctly; rare kanji hint やが should be audited not general reading,"[[""やがて"", ""やがて"", 1]]",[],1,1,True,no additional critical defect found in sampled language review,,concern,Written 軈て + modern やがて labelled correctly; rare kanji hint やが should be audited not general reading,livedoor ニュース／ITライフハック,http://news.livedoor.com/article/detail/6864069/,CC BY-ND 2.1 JP (livedoor),asserted metadata; original wording or source-page equality not independently checked,concern: public-release rights/attribution not completely demonstrated
km-056,m11-people,軈,P3,km-056-m04,decks/kotoba-mine/source/mcd/s1.json:164,news,やがて,ひょんなことから、地元で開催されるチア＆ダンス大会に出場することになった片田舎の11人の女子高校生たち。チア＆ダンスの経験は誰一人として無い彼女たちが、ぶつかりながらも、やがてチア＆ダンスの魅力に気付き、少しずつ一致団結をしていくという、青春感動ムービーとなっている。,"Eleven high-school girls from a backwater town end up, by a twist of fate, entering a local cheer and dance contest. Not one of them has any cheer or dance experience, but despite clashing with one another they eventually discover its appeal and bit by bit pull together in this moving coming-of-age film.","before long, eventually",それほど時間がたたないうちに。,Written 軈て + modern やがて labelled correctly; rare kanji hint やが should be audited not general reading,"[[""やがて"", ""やがて"", 1]]",[],1,1,True,no additional critical defect found in sampled language review,,concern,Written 軈て + modern やがて labelled correctly; rare kanji hint やが should be audited not general reading,livedoor ニュース／MOVIE ENTER,http://news.livedoor.com/article/detail/5902886/,CC BY-ND 2.1 JP (livedoor),asserted metadata; original wording or source-page equality not independently checked,concern: public-release rights/attribution not completely demonstrated
km-117,m11-people,ごとく,S1,km-117-1,decks/kotoba-mine/source/review/b3.json:114,blog,ごとく,例のごとく、いろいろなパターンの写真を撮っていただきました。,"As usual, they took photos of me in all sorts of poses.","like, as (literary)",〜のように、という意味の書き言葉。,Modern literary examples acceptable; P2 standalone omitted threat but generic opinion; hard 脱兎 on sentence,"[[""ごとく"", ""ごとく"", 1]]",[],1,1,True,no additional critical defect found in sampled language review,,concern,Modern literary examples acceptable; P2 standalone omitted threat but generic opinion; hard 脱兎 on sentence,ameblo.jp,https://ameblo.jp/aoyamashin2020/entry-12833985175.html,web quotation (personal study),asserted metadata; original wording or source-page equality not independently checked,concern: public-release rights/attribution not completely demonstrated
km-117,m11-people,ごとく,S2,km-117-2,decks/kotoba-mine/source/review/b3.json:118,blog,ごとく,むやみに立ち向かうより、脱兎のごとく、早々に身をかわし、逃げてしまった方がよいのではないか。,"Rather than fighting back recklessly, isn't it better to dodge early and run off like a startled hare?","like, as (literary)",〜のように、という意味の書き言葉。,Modern literary examples acceptable; P2 standalone omitted threat but generic opinion; hard 脱兎 on sentence,"[[""ごとく"", ""ごとく"", 1]]",[],1,1,True,no additional critical defect found in sampled language review,,concern,Modern literary examples acceptable; P2 standalone omitted threat but generic opinion; hard 脱兎 on sentence,note.com,https://note.com/blue_ink/n/nbd438245f8a4,web quotation (personal study),asserted metadata; original wording or source-page equality not independently checked,concern: public-release rights/attribution not completely demonstrated
km-117,m11-people,ごとく,P1,km-117-m01,decks/kotoba-mine/source/mcd/s5.json:312,original,ごとく,部長は例のごとく、会議の終わり間際になって新しい仕事を押しつけてきた。「来週までによろしく」とだけ言い残し、さっさと部屋を出ていく。残された私たちは、顔を見合わせてため息をついた。,"As usual, the department head dumped new work on us just as the meeting was ending. Leaving only the words 'By next week, please,' he promptly walked out. Those of us left behind looked at each other and sighed.","like, as (literary)",〜のように、という意味の書き言葉。,Modern literary examples acceptable; P2 standalone omitted threat but generic opinion; hard 脱兎 on sentence,"[[""ごとく"", ""ごとく"", 1]]",[],1,1,True,no additional critical defect found in sampled language review,,concern,Modern literary examples acceptable; P2 standalone omitted threat but generic opinion; hard 脱兎 on sentence,書き下ろし（このデッキ用）,,Bunki original,asserted metadata; original wording or source-page equality not independently checked,"original label, authorship provenance not independently verified"
km-117,m11-people,ごとく,P2,km-117-m02,decks/kotoba-mine/source/mcd/s5.json:318,blog,ごとく,むやみに立ち向かうより、脱兎のごとく、早々に身をかわし、逃げてしまった方がよいのではないか。,"Rather than recklessly standing up to it, wouldn't it be better to dodge early and run away like a startled hare?","like, as (literary)",〜のように、という意味の書き言葉。,Modern literary examples acceptable; P2 standalone omitted threat but generic opinion; hard 脱兎 on sentence,"[[""ごとく"", ""ごとく"", 1]]",[],1,1,True,no additional critical defect found in sampled language review,,concern,Modern literary examples acceptable; P2 standalone omitted threat but generic opinion; hard 脱兎 on sentence,note.com,https://note.com/blue_ink/n/nbd438245f8a4,web quotation (personal study),asserted metadata; original wording or source-page equality not independently checked,concern: public-release rights/attribution not completely demonstrated
km-117,m11-people,ごとく,P3,km-117-m03,decks/kotoba-mine/source/mcd/s5.json:322,original,ごとく,平家物語は、おごり高ぶる者も長くは続かず、ただ春の夜の夢のごとくはかないと語る。栄華を極めた平家一門もやがて滅び、その教えを身をもって示すことになった。,"The Tale of the Heike says that the proud do not last long, but are fleeting, like a dream on a spring night. The Heike clan, which had reached the height of glory, was itself eventually destroyed, proving that lesson in its own fate.","like, as (literary)",〜のように、という意味の書き言葉。,Modern literary examples acceptable; P2 standalone omitted threat but generic opinion; hard 脱兎 on sentence,"[[""ごとく"", ""ごとく"", 1]]",[],1,1,True,no additional critical defect found in sampled language review,,concern,Modern literary examples acceptable; P2 standalone omitted threat but generic opinion; hard 脱兎 on sentence,書き下ろし（このデッキ用）,,Bunki original,asserted metadata; original wording or source-page equality not independently checked,"original label, authorship provenance not independently verified"
km-199,m11-people,放逸,S1,km-199-1,decks/kotoba-mine/source/review/a3.json:228,literature,放逸,放逸の心は無知もしくは悪意の人を招く。,A self-indulgent heart draws ignorant or ill-meaning people to it.,self-indulgent living,したい放題で、だらしなく暮らすこと。,Written literary register fits; P2 unresolved そんなこと and cast names,"[[""放逸"", ""ほういつ"", 1]]",[],1,1,True,no additional critical defect found in sampled language review,,concern,Written literary register fits; P2 unresolved そんなこと and cast names,kakuyomu.jp,https://kakuyomu.jp/works/16818093083262627797/episodes/16818093085038151708,web quotation (personal study),asserted metadata; original wording or source-page equality not independently checked,concern: public-release rights/attribution not completely demonstrated
km-199,m11-people,放逸,P1,km-199-m01;km-199-m02;km-199-m03,decks/kotoba-mine/source/mcd/s2.json:538,original,放逸,名家の跡取りとして育った若旦那は、父親が亡くなると家業を番頭に任せきりにし、毎晩のように茶屋で遊び暮らした。その放逸な暮らしぶりがたたって、三代続いた店はわずか数年で人手に渡った。,"Raised as heir to a prominent family, the young master left the family business entirely to the head clerk after his father died and spent nearly every night carousing in teahouses. His dissolute way of life took its toll, and the shop, which had lasted three generations, passed into other hands within a few years.",self-indulgent living,したい放題で、だらしなく暮らすこと。,Written literary register fits; P2 unresolved そんなこと and cast names,"[[""放逸"", ""ほういつ"", 1]]","[[""km-199-m02"", ""ほう""], [""km-199-m03"", ""いつ""]]",1,1,True,no additional critical defect found in sampled language review,,concern,Written literary register fits; P2 unresolved そんなこと and cast names,書き下ろし（このデッキ用）,,Bunki original,asserted metadata; original wording or source-page equality not independently checked,"original label, authorship provenance not independently verified"
km-199,m11-people,放逸,P2,km-199-m04,decks/kotoba-mine/source/mcd/s2.json:544,literature,放逸,そんなことが起っているうちに、だんだん雄吉と青木との二人を襲う災害が近づいてきていたことを、雄吉は少しも気づかなかった。雄吉は、青木のそうした放逸な生活も、天才的な性格にはありがちな放縦として、むしろ好意をもって彼を見守っていた。,"While all this was going on, disaster was gradually closing in on Yukichi and Aoki, but Yukichi did not notice it at all. He even watched Aoki's dissolute life with goodwill, regarding it as the kind of self-indulgence common in people of genius.",self-indulgent living,したい放題で、だらしなく暮らすこと。,Written literary register fits; P2 unresolved そんなこと and cast names,"[[""放逸"", ""ほういつ"", 1]]",[],1,1,True,no additional critical defect found in sampled language review,,concern,Written literary register fits; P2 unresolved そんなこと and cast names,青空文庫『青木の出京』菊池寛,https://www.aozora.gr.jp/cards/000083/,public domain (Aozora Bunko),asserted metadata; original wording or source-page equality not independently checked,concern: public-release rights/attribution not completely demonstrated
km-199,m11-people,放逸,P3,km-199-m05,decks/kotoba-mine/source/mcd/s2.json:548,original,放逸,若いころの放逸を悔いた老人は、晩年、故郷の寺に身を寄せて写経に明け暮れた。酒も博打もきっぱりと断ち、朝は誰よりも早く起きて境内を掃き清めたという。,"Regretting the dissipation of his youth, the old man in his last years took refuge at a temple in his home town and spent his days copying sutras. He gave up drink and gambling for good, and it is said he rose earlier than anyone each morning to sweep the temple grounds clean.",self-indulgent living,したい放題で、だらしなく暮らすこと。,Written literary register fits; P2 unresolved そんなこと and cast names,"[[""放逸"", ""ほういつ"", 1]]",[],1,1,True,no additional critical defect found in sampled language review,,concern,Written literary register fits; P2 unresolved そんなこと and cast names,書き下ろし（このデッキ用）,,Bunki original,asserted metadata; original wording or source-page equality not independently checked,"original label, authorship provenance not independently verified"
km-291,m11-people,巧む,S1,km-291-1,decks/kotoba-mine/source/review/a1.json:300,blog,巧まざる,ぜんぜん狙っていない、巧まざる魅力、憧れます。,"That completely unforced, artless charm—I really admire it.",contrive artfully,工夫をこらして、うまく作りあげる。,Negative idiom 巧まざる first then plotting P3 mismatch global artfully-create definition; literary scope explicit needed,"[[""巧まざる"", ""たくまざる"", 1]]",[],1,1,True,no additional critical defect found in sampled language review,,concern,Negative idiom 巧まざる first then plotting P3 mismatch global artfully-create definition; literary scope explicit needed,shikanoie.com,https://shikanoie.com/blog/posts/3380,web quotation (personal study),asserted metadata; original wording or source-page equality not independently checked,concern: public-release rights/attribution not completely demonstrated
km-291,m11-people,巧む,S2,km-291-2,decks/kotoba-mine/source/review/a1.json:304,original,巧まずして,その画家は巧まずして自然の美しさを描き出した。,The painter captured the beauty of nature without any artifice.,contrive artfully,工夫をこらして、うまく作りあげる。,Negative idiom 巧まざる first then plotting P3 mismatch global artfully-create definition; literary scope explicit needed,"[[""巧まずして"", ""たくまずして"", 1]]",[],1,1,True,no additional critical defect found in sampled language review,,concern,Negative idiom 巧まざる first then plotting P3 mismatch global artfully-create definition; literary scope explicit needed,書き下ろし（このデッキ用）,,Bunki original,asserted metadata; original wording or source-page equality not independently checked,"original label, authorship provenance not independently verified"
km-291,m11-people,巧む,P1,km-291-m01;km-291-m02,decks/kotoba-mine/source/mcd/s4.json:758,original,巧まざる,この随筆家の文章には、巧まざるユーモアがある。笑わせようと狙った箇所はひとつもないのに、日々の失敗を淡々とつづる筆致に、読者は思わず吹き出してしまう。,"This essayist's writing has an artless humour. Not one passage is aimed at getting a laugh, yet readers can't help bursting out laughing at the matter-of-fact way the essays record daily blunders.",contrive artfully,工夫をこらして、うまく作りあげる。,Negative idiom 巧まざる first then plotting P3 mismatch global artfully-create definition; literary scope explicit needed,"[[""巧まざる"", ""たくまざる"", 1]]","[[""km-291-m02"", ""たく""]]",1,1,True,no additional critical defect found in sampled language review,,concern,Negative idiom 巧まざる first then plotting P3 mismatch global artfully-create definition; literary scope explicit needed,書き下ろし（このデッキ用）,,Bunki original,asserted metadata; original wording or source-page equality not independently checked,"original label, authorship provenance not independently verified"
km-291,m11-people,巧む,P2,km-291-m03,decks/kotoba-mine/source/mcd/s4.json:764,literature,巧まず,私は、どういうわけだか、家に在る時には頗る口が重い。ただ、まごまごしている。たまに私の家に訪れて来る友人は、すべて才あり学あり、巧まずして華麗高潔の芸論を展開するのであるが、私は、れいの「天候居士」ゆえ、いたずらに、あの、あの、とばかり申して膝をゆすり、稀には、へえ、などの平伏の返事まで飛び出す始末で、われながら、みっともない。,"For some reason I am extremely tongue-tied when at home. I just fumble about. The friends who occasionally visit me are all talented and learned, and effortlessly unfold brilliant, lofty arguments about art, whereas I, being my usual 'weather-talk hermit', merely jiggle my knees and say 'um, um', and now and then even a grovelling 'yes, sir' pops out — a sorry sight, I must say.",contrive artfully,工夫をこらして、うまく作りあげる。,Negative idiom 巧まざる first then plotting P3 mismatch global artfully-create definition; literary scope explicit needed,"[[""巧まず"", ""たくまず"", 1]]",[],1,1,True,no additional critical defect found in sampled language review,,concern,Negative idiom 巧まざる first then plotting P3 mismatch global artfully-create definition; literary scope explicit needed,青空文庫『乞食学生』太宰治,https://www.aozora.gr.jp/cards/000035/,public domain (Aozora Bunko),asserted metadata; original wording or source-page equality not independently checked,concern: public-release rights/attribution not completely demonstrated
km-291,m11-people,巧む,P3,km-291-m04,decks/kotoba-mine/source/mcd/s4.json:768,literature,巧んだ,死人に口無しで、もとより詳しい事情はわからないが、平吉に毒酒を贈ったのはこの女房であったらしい。女房は亭主の留守に平吉から七十五両の金をあずけられて、俄かに悪心を起してその金をわが物にしようと巧んだ。,"The dead tell no tales, so the details are of course unknown, but it seems it was this wife who sent Heikichi the poisoned sake. While her husband was away, Heikichi had entrusted seventy-five ryo to her; she was suddenly seized by an evil impulse and schemed to make the money her own.",contrive artfully,工夫をこらして、うまく作りあげる。,Negative idiom 巧まざる first then plotting P3 mismatch global artfully-create definition; literary scope explicit needed,"[[""巧んだ"", ""たくんだ"", 1]]",[],1,1,True,no additional critical defect found in sampled language review,,concern,Negative idiom 巧まざる first then plotting P3 mismatch global artfully-create definition; literary scope explicit needed,青空文庫『放し鰻』岡本綺堂,https://www.aozora.gr.jp/cards/000082/,public domain (Aozora Bunko),asserted metadata; original wording or source-page equality not independently checked,concern: public-release rights/attribution not completely demonstrated
km-090,m11-people,ビンビン,S1,km-090-1,decks/kotoba-mine/source/review/a3.json:130,blog,ビンビン,創作室のメンバーを見ていても、おお、作品からビンビン情熱が伝わってくる！,"Just watching the members of the creative studio, wow, the passion comes through loud and clear in their work!",intensely felt,刺激などが強く伝わってくるようす。,Intensity sense plausible and casual written scenes pass; sexual gloss intentionally not sampled,"[[""ビンビン"", ""びんびん"", 1]]",[],1,1,True,no additional critical defect found in sampled language review,,concern,Intensity sense plausible and casual written scenes pass; sexual gloss intentionally not sampled,note.com,https://note.com/kimura_creative/n/nb587ccfa54a4,web quotation (personal study),asserted metadata; original wording or source-page equality not independently checked,concern: public-release rights/attribution not completely demonstrated
km-090,m11-people,ビンビン,P1,km-090-m01,decks/kotoba-mine/source/mcd/s3.json:230,original,ビンビン,小さなライブハウスの最前列に陣取ると、スピーカーから低音がビンビン響いてきて、胸の奥まで震えるようだった。終演後もしばらく耳鳴りが止まらなかった。,"When I planted myself in the front row of a small live house, the bass came throbbing out of the speakers so hard it seemed to shake me to the core. Even after the show, my ears kept ringing for a while.",intensely felt,刺激などが強く伝わってくるようす。,Intensity sense plausible and casual written scenes pass; sexual gloss intentionally not sampled,"[[""ビンビン"", ""びんびん"", 1]]",[],1,1,True,no additional critical defect found in sampled language review,,concern,Intensity sense plausible and casual written scenes pass; sexual gloss intentionally not sampled,書き下ろし（このデッキ用）,,Bunki original,asserted metadata; original wording or source-page equality not independently checked,"original label, authorship provenance not independently verified"
km-090,m11-people,ビンビン,P2,km-090-m02,decks/kotoba-mine/source/mcd/s3.json:236,original,ビンビン,新人の真剣さは、黙っていてもビンビン伝わってくる。誰よりも早く現場に来て、先輩の動きを一つも見逃すまいとメモを取り続けているのだ。気難しい職人たちも、すっかり彼を見直したらしい。,The new recruit's seriousness comes across loud and clear even when he says nothing. He arrives on site before anyone else and keeps taking notes so as not to miss a single move the senior workers make. Even the hard-to-please craftsmen seem to have changed their opinion of him.,intensely felt,刺激などが強く伝わってくるようす。,Intensity sense plausible and casual written scenes pass; sexual gloss intentionally not sampled,"[[""ビンビン"", ""びんびん"", 1]]",[],1,1,True,no additional critical defect found in sampled language review,,concern,Intensity sense plausible and casual written scenes pass; sexual gloss intentionally not sampled,書き下ろし（このデッキ用）,,Bunki original,asserted metadata; original wording or source-page equality not independently checked,"original label, authorship provenance not independently verified"
km-104,m11-people,ぞっとしない,S1,km-104-1,decks/kotoba-mine/source/review/a3.json:142,blog,ぞっとしない,イエティ航空で雪男に命を預けるのもぞっとしない話じゃないか。,"Trusting your life to a yeti on Yeti Airlines isn't a very appealing prospect, is it?",not very appealing,あまり感心しない。気が進まない。,P2 bathing voyeurism/objectification and difficult old literary wording unsuitable default,"[[""ぞっとしない"", ""ぞっとしない"", 1]]",[],1,1,True,no additional critical defect found in sampled language review,,concern,P2 bathing voyeurism/objectification and difficult old literary wording unsuitable default,totora.sblo.jp,http://totora.sblo.jp/article/191796487.html,web quotation (personal study),asserted metadata; original wording or source-page equality not independently checked,concern: public-release rights/attribution not completely demonstrated
km-104,m11-people,ぞっとしない,P1,km-104-m01,decks/kotoba-mine/source/mcd/s5.json:276,original,ぞっとしない,友人に、休日の朝五時に起きて行列に並ぼうと誘われた。人気のパン屋の限定品が目当てらしいが、真冬の寒空の下で二時間待つというのは、あまりぞっとしない。結局、丁重に断った。,"A friend invited me to get up at five on my day off and join a queue. Apparently she's after a limited item from a popular bakery, but waiting two hours under a midwinter sky doesn't much appeal to me. In the end I politely declined.",not very appealing,あまり感心しない。気が進まない。,P2 bathing voyeurism/objectification and difficult old literary wording unsuitable default,"[[""ぞっとしない"", ""ぞっとしない"", 1]]",[],1,1,True,no additional critical defect found in sampled language review,,concern,P2 bathing voyeurism/objectification and difficult old literary wording unsuitable default,書き下ろし（このデッキ用）,,Bunki original,asserted metadata; original wording or source-page equality not independently checked,"original label, authorship provenance not independently verified"
km-104,m11-people,ぞっとしない,P2,km-104-m02,decks/kotoba-mine/source/mcd/s5.json:282,literature,ぞっとしない,広々した構えの外には大きな庭石を据並べた植木屋もあれば、いかにも田舎らしい茅葺の人家のまばらに立ちつづいている処もある。それらの家の竹垣の間からは夕月に行水をつかっている女の姿の見える事もあった。蘿月宗匠はいくら年をとっても昔の気質は変らないので見て見ぬように窃と立止るが、大概はぞっとしない女房ばかりなので、落胆したようにそのまま歩調を早める。,"Beyond the spacious gateways there were gardeners' yards lined with large garden stones, and stretches where thatched houses, so very rural, stood scattered. Through the bamboo fences of those houses one sometimes glimpsed a woman bathing in a tub under the evening moon. Master Ragetsu, whose old ways had not changed however old he got, would quietly stop as though not looking, but they were mostly unappealing housewives, so he would quicken his pace as if disappointed.",not very appealing,あまり感心しない。気が進まない。,P2 bathing voyeurism/objectification and difficult old literary wording unsuitable default,"[[""ぞっとしない"", ""ぞっとしない"", 1]]",[],1,1,True,no additional critical defect found in sampled language review,,concern,P2 bathing voyeurism/objectification and difficult old literary wording unsuitable default,青空文庫『すみだ川』永井荷風,https://www.aozora.gr.jp/cards/001341/,public domain (Aozora Bunko),asserted metadata; original wording or source-page equality not independently checked,concern: public-release rights/attribution not completely demonstrated
km-104,m11-people,ぞっとしない,P3,km-104-m03,decks/kotoba-mine/source/mcd/s5.json:286,original,ぞっとしない,部長の新しい提案は、全社員が毎朝そろってラジオ体操をするというものだった。健康にはいいのかもしれないが、正直ぞっとしない案だと思った社員は多かったようだ。,"The department head's new proposal was that all employees do radio calisthenics together every morning. It might be good for our health, but quite a few employees seem to have privately found it an unappealing idea.",not very appealing,あまり感心しない。気が進まない。,P2 bathing voyeurism/objectification and difficult old literary wording unsuitable default,"[[""ぞっとしない"", ""ぞっとしない"", 1]]",[],1,1,True,no additional critical defect found in sampled language review,,concern,P2 bathing voyeurism/objectification and difficult old literary wording unsuitable default,書き下ろし（このデッキ用）,,Bunki original,asserted metadata; original wording or source-page equality not independently checked,"original label, authorship provenance not independently verified"
km-004,m11-people,なんくるない,S1,km-004-1,decks/kotoba-mine/source/review/a1.json:10,original,なんくるない,失敗しても大丈夫、なんくるないさ。,It's okay if you fail; it'll all work out.,it'll all work out,沖縄の言葉で、なんとかなるという意味。,"P1 proverb effort nuance present; P2 islander lateness stereotype, missing さ variant selection rationale","[[""なんくるない"", ""なんくるない"", 1]]",[],1,1,True,no additional critical defect found in sampled language review,,concern,"P1 proverb effort nuance present; P2 islander lateness stereotype, missing さ variant selection rationale",書き下ろし（このデッキ用）,,Bunki original,asserted metadata; original wording or source-page equality not independently checked,"original label, authorship provenance not independently verified"
km-004,m11-people,なんくるない,P1,km-004-m01,decks/kotoba-mine/source/mcd/s4.json:4,original,なんくるない,那覇の祖母は、私が受験に失敗して泣いていたとき、背中をさすりながら笑った。「なんくるないさ。まじめにやっていれば、道はちゃんと開けるよ」。あの一言に、何度救われたかわからない。,"When I was crying after failing my entrance exams, my grandmother in Naha rubbed my back and laughed. 'Nankuru nai sa — it'll all work out. If you keep doing things properly, the way will open up.' I can't count how many times those words have saved me.",it'll all work out,沖縄の言葉で、なんとかなるという意味。,"P1 proverb effort nuance present; P2 islander lateness stereotype, missing さ variant selection rationale","[[""なんくるない"", ""なんくるない"", 1]]",[],1,1,True,no additional critical defect found in sampled language review,,concern,"P1 proverb effort nuance present; P2 islander lateness stereotype, missing さ variant selection rationale",書き下ろし（このデッキ用）,,Bunki original,asserted metadata; original wording or source-page equality not independently checked,"original label, authorship provenance not independently verified"
km-004,m11-people,なんくるない,P2,km-004-m02,decks/kotoba-mine/source/mcd/s4.json:10,original,なんくるない,沖縄に移住して三年になる。台風で船が欠航しても、約束の時間に誰も来なくても、島の人たちは「なんくるない」と言って笑っている。最初は戸惑ったが、今ではその大らかさが心地いい。,"It's been three years since I moved to Okinawa. Even when a typhoon cancels the ferry or nobody turns up at the agreed time, the islanders just laugh and say 'it'll all work out'. It threw me at first, but now I find that easygoing attitude comforting.",it'll all work out,沖縄の言葉で、なんとかなるという意味。,"P1 proverb effort nuance present; P2 islander lateness stereotype, missing さ variant selection rationale","[[""なんくるない"", ""なんくるない"", 1]]",[],1,1,True,no additional critical defect found in sampled language review,,concern,"P1 proverb effort nuance present; P2 islander lateness stereotype, missing さ variant selection rationale",書き下ろし（このデッキ用）,,Bunki original,asserted metadata; original wording or source-page equality not independently checked,"original label, authorship provenance not independently verified"
km-243,m11-people,ぎいぎい,S1,km-243-1,decks/kotoba-mine/source/review/a3.json:256,blog,ぎいぎい,ぎいぎいと鳴るうるさい電動自転車を一生懸命に漕いでいる。,I'm pedaling hard on a noisy electric bike that creaks with every turn.,creak,古い木や金属がこすれて出る音。,Creak sense and readings pass; P2 archaic vehicle vocabulary increases cognitive load,"[[""ぎいぎい"", ""ぎいぎい"", 1]]",[],1,1,True,no additional critical defect found in sampled language review,,concern,Creak sense and readings pass; P2 archaic vehicle vocabulary increases cognitive load,note.com,https://note.com/yukiko_takeda/n/n87867d2029c3,web quotation (personal study),asserted metadata; original wording or source-page equality not independently checked,concern: public-release rights/attribution not completely demonstrated
km-243,m11-people,ぎいぎい,P1,km-243-m01,decks/kotoba-mine/source/mcd/s4.json:630,original,ぎいぎい,祖父の家の古い廊下は、歩くたびにぎいぎいと音を立てる。夜中にトイレに起きると、その音がやけに大きく響いて、子どもの頃はそれが怖くてたまらなかった。,"The old hallway at my grandfather's house creaks with every step. When I got up at night to use the toilet, the sound echoed terribly loudly, and as a child it frightened me no end.",creak,古い木や金属がこすれて出る音。,Creak sense and readings pass; P2 archaic vehicle vocabulary increases cognitive load,"[[""ぎいぎい"", ""ぎいぎい"", 1]]",[],1,1,True,no additional critical defect found in sampled language review,,concern,Creak sense and readings pass; P2 archaic vehicle vocabulary increases cognitive load,書き下ろし（このデッキ用）,,Bunki original,asserted metadata; original wording or source-page equality not independently checked,"original label, authorship provenance not independently verified"
km-243,m11-people,ぎいぎい,P2,km-243-m02,decks/kotoba-mine/source/mcd/s4.json:636,literature,ぎいぎい,わたしたちがみんな船の上に乗ってしまうと、まもなく船をつないだ大づなは解かれて、船頭はかじを、御者は手づなを取った。引きづなの滑車がぎいぎい鳴って、馬は引き船の道をカッパカッパ歩きだした。,"Once we were all aboard, the hawser mooring the boat was soon cast off; the boatman took the rudder and the driver the reins. The pulley of the towrope creaked, and the horse began clip-clopping along the towpath.",creak,古い木や金属がこすれて出る音。,Creak sense and readings pass; P2 archaic vehicle vocabulary increases cognitive load,"[[""ぎいぎい"", ""ぎいぎい"", 1]]",[],1,1,True,no additional critical defect found in sampled language review,,concern,Creak sense and readings pass; P2 archaic vehicle vocabulary increases cognitive load,青空文庫『家なき子』SANS FAMILLE,https://www.aozora.gr.jp/cards/001047/,public domain (Aozora Bunko),asserted metadata; original wording or source-page equality not independently checked,concern: public-release rights/attribution not completely demonstrated
km-243,m11-people,ぎいぎい,P3,km-243-m03,decks/kotoba-mine/source/mcd/s4.json:640,original,ぎいぎい,公園のブランコは、もう何年も油を差していないのか、こぐたびにぎいぎいときしんだ。それでも子どもたちは気にする様子もなく、夕方まで順番を待って乗っていた。,"The park swings, perhaps not oiled in years, creaked every time someone pumped their legs. Even so, the children didn't seem to mind and waited their turn to ride until evening.",creak,古い木や金属がこすれて出る音。,Creak sense and readings pass; P2 archaic vehicle vocabulary increases cognitive load,"[[""ぎいぎい"", ""ぎいぎい"", 1]]",[],1,1,True,no additional critical defect found in sampled language review,,concern,Creak sense and readings pass; P2 archaic vehicle vocabulary increases cognitive load,書き下ろし（このデッキ用）,,Bunki original,asserted metadata; original wording or source-page equality not independently checked,"original label, authorship provenance not independently verified"
km-040,m12-kanji,稽,S1,km-040-1,decks/kotoba-mine/source/review/b4.json:22,example-bank,稽古,彼らはけんかをしているのではなく、劇の稽古をしているところだ。,They aren't fighting; they're rehearsing a play.,think (old); in 稽古 and 滑稽,けいこ・こっけいなどの熟語に使う字。,稽 in compound isolated as word card; definition phonetic けいこ/こっけい gives answer cue; 滑 prefix loses ruby,"[[""稽古"", ""けいこ"", 1]]",[],1,1,True,no additional critical defect found in sampled language review,,concern,稽 in compound isolated as word card; definition phonetic けいこ/こっけい gives answer cue; 滑 prefix loses ruby,例文集（Tanaka/SNOW）,,CC BY 2.0 FR,asserted metadata; original wording or source-page equality not independently checked,concern: public-release rights/attribution not completely demonstrated
km-040,m12-kanji,稽,S2,km-040-2,decks/kotoba-mine/source/review/b4.json:26,example-bank,滑稽,彼がとても滑稽な話をしたので、私たちはみんな笑った。,He told such a funny story that we all laughed.,think (old); in 稽古 and 滑稽,けいこ・こっけいなどの熟語に使う字。,稽 in compound isolated as word card; definition phonetic けいこ/こっけい gives answer cue; 滑 prefix loses ruby,"[[""滑稽"", ""こっけい"", 1]]",[],1,1,True,no additional critical defect found in sampled language review,,concern,稽 in compound isolated as word card; definition phonetic けいこ/こっけい gives answer cue; 滑 prefix loses ruby,例文集（Tanaka/SNOW）,,CC BY 4.0,asserted metadata; original wording or source-page equality not independently checked,concern: public-release rights/attribution not completely demonstrated
km-040,m12-kanji,稽,P1,km-040-m01,decks/kotoba-mine/source/mcd/s3.json:102,original,稽,発表会まであと一週間。娘は毎晩、夕食のあとに居間でピアノの稽古を欠かさない。同じ小節を何度も弾き直すうちに、指の運びもようやく滑らかになってきた。,"One week left until the recital. Every night after dinner, my daughter never misses her piano practice in the living room. Playing the same bars over and over, her fingering has finally started to flow.",think (old); in 稽古 and 滑稽,けいこ・こっけいなどの熟語に使う字。,稽 in compound isolated as word card; definition phonetic けいこ/こっけい gives answer cue; 滑 prefix loses ruby,"[[""稽"", ""けい"", 1]]",[],1,1,True,no additional critical defect found in sampled language review,,concern,稽 in compound isolated as word card; definition phonetic けいこ/こっけい gives answer cue; 滑 prefix loses ruby,書き下ろし（このデッキ用）,,Bunki original,asserted metadata; original wording or source-page equality not independently checked,"original label, authorship provenance not independently verified"
km-040,m12-kanji,稽,P2,km-040-m02,decks/kotoba-mine/source/mcd/s3.json:108,original,稽,大まじめな顔で語るほど、話の中身の滑稽さが際立つ。会議で部長が「紙を減らそう」と力説しながら分厚い資料を配り始めたとき、部屋のあちこちで笑いをこらえる気配がした。,"The more straight-faced the speaker, the more the absurdity of what he says stands out. When the department head, while passionately urging us to ""cut down on paper,"" began handing out a thick stack of documents, you could feel people all over the room trying not to laugh.",think (old); in 稽古 and 滑稽,けいこ・こっけいなどの熟語に使う字。,稽 in compound isolated as word card; definition phonetic けいこ/こっけい gives answer cue; 滑 prefix loses ruby,"[[""稽"", ""けい"", 1]]",[],1,1,True,no additional critical defect found in sampled language review,,concern,稽 in compound isolated as word card; definition phonetic けいこ/こっけい gives answer cue; 滑 prefix loses ruby,書き下ろし（このデッキ用）,,Bunki original,asserted metadata; original wording or source-page equality not independently checked,"original label, authorship provenance not independently verified"
km-101,m12-kanji,淵,S1,km-101-1,decks/kotoba-mine/source/review/b1.json:114,blog,淵,深い淵に潜む魚は、底の方でじっとしていて簡単には餌に反応しない傾向があります。,Fish hiding in deep pools tend to stay still near the bottom and don't easily take bait.,deep pool; the depths,川の水が深くたまった所。深いところ。,Deep-pool/metaphor senses coherent; S2 brink edge missing explicit corresponding def,"[[""淵"", ""ふち"", 1]]",[],1,1,True,no additional critical defect found in sampled language review,,concern,Deep-pool/metaphor senses coherent; S2 brink edge missing explicit corresponding def,sanshisuimei.jp,https://sanshisuimei.jp/river/stream-fishing/1552/,web quotation (personal study),asserted metadata; original wording or source-page equality not independently checked,concern: public-release rights/attribution not completely demonstrated
km-101,m12-kanji,淵,S2,km-101-2,decks/kotoba-mine/source/review/b1.json:118,tatoeba,淵,世界は破滅の淵に立たされている。,The world stands on the brink of destruction.,deep pool; the depths,川の水が深くたまった所。深いところ。,Deep-pool/metaphor senses coherent; S2 brink edge missing explicit corresponding def,"[[""淵"", ""ふち"", 1]]",[],1,1,True,no additional critical defect found in sampled language review,,concern,Deep-pool/metaphor senses coherent; S2 brink edge missing explicit corresponding def,Tatoeba,https://tatoeba.org/ja/sentences/show/8571361,CC BY 2.0 FR (Tatoeba),asserted metadata; original wording or source-page equality not independently checked,concern: public-release rights/attribution not completely demonstrated
km-101,m12-kanji,淵,P1,km-101-m01,decks/kotoba-mine/source/mcd/s2.json:266,original,淵,渓流をさかのぼると、岩に囲まれた深い淵に出た。水は青黒く澄んで底が見えず、ときおり大きな岩魚の影がゆらりと横切る。地元では昔から、ここには主が棲んでいると言い伝えられている。,"Following the mountain stream upward, we came to a deep pool surrounded by rocks. The water was clear but dark blue, the bottom out of sight, and now and then the shadow of a large char drifted across. Locals have long said that a guardian creature lives here.",deep pool; the depths,川の水が深くたまった所。深いところ。,Deep-pool/metaphor senses coherent; S2 brink edge missing explicit corresponding def,"[[""淵"", ""ふち"", 1]]",[],1,1,True,no additional critical defect found in sampled language review,,concern,Deep-pool/metaphor senses coherent; S2 brink edge missing explicit corresponding def,書き下ろし（このデッキ用）,,Bunki original,asserted metadata; original wording or source-page equality not independently checked,"original label, authorship provenance not independently verified"
km-101,m12-kanji,淵,P2,km-101-m02,decks/kotoba-mine/source/mcd/s2.json:272,blog,淵,深い淵に潜む魚は、底の方でじっとしていて簡単には餌に反応しない傾向があります。,Fish lurking in a deep pool tend to stay still near the bottom and don't readily react to bait.,deep pool; the depths,川の水が深くたまった所。深いところ。,Deep-pool/metaphor senses coherent; S2 brink edge missing explicit corresponding def,"[[""淵"", ""ふち"", 1]]",[],1,1,True,no additional critical defect found in sampled language review,,concern,Deep-pool/metaphor senses coherent; S2 brink edge missing explicit corresponding def,sanshisuimei.jp,https://sanshisuimei.jp/river/stream-fishing/1552/,web quotation (personal study),asserted metadata; original wording or source-page equality not independently checked,concern: public-release rights/attribution not completely demonstrated
km-101,m12-kanji,淵,P3,km-101-m03,decks/kotoba-mine/source/mcd/s2.json:276,original,淵,事業に失敗して多額の借金を背負った男は、一時は絶望の淵に沈んでいた。それでも家族の支えを受けて小さな店を開き、十年かけて少しずつ借金を返していった。,"After his business failed and left him with huge debts, the man for a time sank into the depths of despair. Even so, with his family's support he opened a small shop and, over ten years, paid back the debt little by little.",deep pool; the depths,川の水が深くたまった所。深いところ。,Deep-pool/metaphor senses coherent; S2 brink edge missing explicit corresponding def,"[[""淵"", ""ふち"", 1]]",[],1,1,True,no additional critical defect found in sampled language review,,concern,Deep-pool/metaphor senses coherent; S2 brink edge missing explicit corresponding def,書き下ろし（このデッキ用）,,Bunki original,asserted metadata; original wording or source-page equality not independently checked,"original label, authorship provenance not independently verified"
km-224,m12-kanji,風,S1,km-224-1,decks/kotoba-mine/source/review/b1.json:292,blog,風,今日は風が強くちょっと寒い。,"The wind is strong today, and it's a little cold.",wind; style,空気の流れ。また、ものごとの様子ややり方。,かぜ/ふう correctly contextual target readings; separate sense defs recommended,"[[""風"", ""かぜ"", 1]]",[],1,1,True,no additional critical defect found in sampled language review,,concern,かぜ/ふう correctly contextual target readings; separate sense defs recommended,ameblo.jp,https://ameblo.jp/kazuyo160/entry-12845084709.html,web quotation (personal study),asserted metadata; original wording or source-page equality not independently checked,concern: public-release rights/attribution not completely demonstrated
km-224,m12-kanji,風,S2,km-224-2,decks/kotoba-mine/source/review/b1.json:296,tatoeba,風,そんな風に言うものじゃない。,You shouldn't talk like that.,wind; style,空気の流れ。また、ものごとの様子ややり方。,かぜ/ふう correctly contextual target readings; separate sense defs recommended,"[[""風"", ""ふう"", 1]]",[],1,1,True,no additional critical defect found in sampled language review,,concern,かぜ/ふう correctly contextual target readings; separate sense defs recommended,Tatoeba,https://tatoeba.org/ja/sentences/show/204040,CC BY 2.0 FR (Tatoeba),asserted metadata; original wording or source-page equality not independently checked,concern: public-release rights/attribution not completely demonstrated
km-224,m12-kanji,風,P1,km-224-m01,decks/kotoba-mine/source/mcd/s3.json:598,original,風,夏の午後、窓を開けると、海のほうから涼しい風が吹き込んできた。カーテンが大きくふくらみ、机の上の書類が何枚か床に舞い落ちた。目を閉じると、かすかに潮の香りがした。,"One summer afternoon I opened the window, and a cool breeze blew in from the sea. The curtains billowed out, and several papers fluttered from the desk to the floor. When I closed my eyes, I caught a faint smell of the sea.",wind; style,空気の流れ。また、ものごとの様子ややり方。,かぜ/ふう correctly contextual target readings; separate sense defs recommended,"[[""風"", ""かぜ"", 1]]",[],1,1,True,no additional critical defect found in sampled language review,,concern,かぜ/ふう correctly contextual target readings; separate sense defs recommended,書き下ろし（このデッキ用）,,Bunki original,asserted metadata; original wording or source-page equality not independently checked,"original label, authorship provenance not independently verified"
km-224,m12-kanji,風,P2,km-224-m02,decks/kotoba-mine/source/mcd/s3.json:604,original,風,祖母の料理は、どれも昔ながらの田舎風の味つけだ。甘めの煮物に濃いめの味噌汁、漬物はもちろん自家製。都会のおしゃれな店では、なかなか同じ味に出会えない。,"All my grandmother's cooking is seasoned in the old-fashioned country style: sweetish simmered dishes, strong miso soup, and homemade pickles, of course. You rarely find the same taste in fashionable city restaurants.",wind; style,空気の流れ。また、ものごとの様子ややり方。,かぜ/ふう correctly contextual target readings; separate sense defs recommended,"[[""風"", ""ふう"", 1]]",[],1,1,True,no additional critical defect found in sampled language review,,concern,かぜ/ふう correctly contextual target readings; separate sense defs recommended,書き下ろし（このデッキ用）,,Bunki original,asserted metadata; original wording or source-page equality not independently checked,"original label, authorship provenance not independently verified"
km-224,m12-kanji,風,P3,km-224-m03,decks/kotoba-mine/source/mcd/s3.json:610,blog,風,今日は風が強くちょっと寒い。,The wind is strong today and it's a bit cold.,wind; style,空気の流れ。また、ものごとの様子ややり方。,かぜ/ふう correctly contextual target readings; separate sense defs recommended,"[[""風"", ""かぜ"", 1]]",[],1,1,True,no additional critical defect found in sampled language review,,concern,かぜ/ふう correctly contextual target readings; separate sense defs recommended,ameblo.jp,https://ameblo.jp/kazuyo160/entry-12845084709.html,web quotation (personal study),asserted metadata; original wording or source-page equality not independently checked,concern: public-release rights/attribution not completely demonstrated
km-225,m12-kanji,率,S1,km-225-1,decks/kotoba-mine/source/review/b2.json:256,other,率,若い世代の投票率が低いことがしばしば指摘されています。,It is often pointed out that voter turnout among young people is low.,rate; lead,全体に対する割合。また、先に立って導くこと。,P1 previous-election unanchored statistic; P2 medical success statistic undefined/unsourced; extra lead sense not in learner gloss,"[[""率"", ""りつ"", 1]]",[],1,1,True,no additional critical defect found in sampled language review,,concern,P1 previous-election unanchored statistic; P2 medical success statistic undefined/unsourced; extra lead sense not in learner gloss,www.kyoto-su.ac.jp,https://www.kyoto-su.ac.jp/faculty/ju/2021_0924ju_kyoin_txt/,web quotation (personal study),asserted metadata; original wording or source-page equality not independently checked,concern: public-release rights/attribution not completely demonstrated
km-225,m12-kanji,率,S2,km-225-2,decks/kotoba-mine/source/review/b2.json:260,company,率,離職率が高い会社は、残業や休日出勤が多いなど労働環境の面で働きにくいという特徴があります。,"Companies with high staff turnover tend to be hard places to work, with lots of overtime and weekend shifts.",rate; lead,全体に対する割合。また、先に立って導くこと。,P1 previous-election unanchored statistic; P2 medical success statistic undefined/unsourced; extra lead sense not in learner gloss,"[[""率"", ""りつ"", 1]]",[],1,1,True,no additional critical defect found in sampled language review,,concern,P1 previous-election unanchored statistic; P2 medical success statistic undefined/unsourced; extra lead sense not in learner gloss,jobuddy.jp,https://jobuddy.jp/contents/detail/a_company_with_a_low_turnover_rate,web quotation (personal study),asserted metadata; original wording or source-page equality not independently checked,concern: public-release rights/attribution not completely demonstrated
km-225,m12-kanji,率,P1,km-225-m01,decks/kotoba-mine/source/mcd/s4.json:580,original,率,若い世代ほど選挙に行かないと、昔からよく言われる。実際、前回の衆議院選挙では、二十代の投票率は三割台にとどまり、六十代のおよそ半分しかなかった。,"It has long been said that the younger the generation, the less they vote. In fact, at the last general election, turnout among people in their twenties was only in the 30-percent range, about half that of people in their sixties.",rate; lead,全体に対する割合。また、先に立って導くこと。,P1 previous-election unanchored statistic; P2 medical success statistic undefined/unsourced; extra lead sense not in learner gloss,"[[""率"", ""りつ"", 1]]",[],1,1,True,concern,No election/year/geographic population citation.,concern,P1 previous-election unanchored statistic; P2 medical success statistic undefined/unsourced; extra lead sense not in learner gloss,書き下ろし（このデッキ用）,,Bunki original,asserted metadata; original wording or source-page equality not independently checked,"original label, authorship provenance not independently verified"
km-225,m12-kanji,率,P2,km-225-m02,decks/kotoba-mine/source/mcd/s4.json:586,original,率,心臓のバイパス手術といえば、かつては命がけの大手術だった。今では技術や機器の進歩によって、多くの病院で成功率が九割を大きく超えるまでになっている。,"Heart bypass surgery used to be a major, life-or-death operation. Now, thanks to advances in technique and equipment, the success rate at many hospitals is well over 90 percent.",rate; lead,全体に対する割合。また、先に立って導くこと。,P1 previous-election unanchored statistic; P2 medical success statistic undefined/unsourced; extra lead sense not in learner gloss,"[[""率"", ""りつ"", 1]]",[],1,1,True,concern,"Undefined medical success metric, hospitals and timeframe.",concern,P1 previous-election unanchored statistic; P2 medical success statistic undefined/unsourced; extra lead sense not in learner gloss,書き下ろし（このデッキ用）,,Bunki original,asserted metadata; original wording or source-page equality not independently checked,"original label, authorship provenance not independently verified"
km-225,m12-kanji,率,P3,km-225-m03,decks/kotoba-mine/source/mcd/s4.json:592,company,率,離職率が高い会社は、残業や休日出勤が多いなど労働環境の面で働きにくいという特徴があります。,"Companies with a high turnover rate tend to be hard places to work in terms of working conditions, such as a lot of overtime and working on days off.",rate; lead,全体に対する割合。また、先に立って導くこと。,P1 previous-election unanchored statistic; P2 medical success statistic undefined/unsourced; extra lead sense not in learner gloss,"[[""率"", ""りつ"", 1]]",[],1,1,True,no additional critical defect found in sampled language review,,concern,P1 previous-election unanchored statistic; P2 medical success statistic undefined/unsourced; extra lead sense not in learner gloss,jobuddy.jp,https://jobuddy.jp/contents/detail/a_company_with_a_low_turnover_rate,web quotation (personal study),asserted metadata; original wording or source-page equality not independently checked,concern: public-release rights/attribution not completely demonstrated
km-259,m12-kanji,余,S1,km-259-1,decks/kotoba-mine/source/review/b3.json:336,tatoeba,余裕,家を買いたいけど、買う余裕がない。,"I'd like to buy a house, but I can't afford it.","surplus, extra",必要な分をこえて残ること。,MCD P1/P2 surplus sense good; P3 文 whole 余裕 cloze reuses single-kanji definition and readings,"[[""余裕"", ""よゆう"", 1]]",[],1,1,True,no additional critical defect found in sampled language review,,concern,MCD P1/P2 surplus sense good; P3 文 whole 余裕 cloze reuses single-kanji definition and readings,Tatoeba,https://tatoeba.org/ja/sentences/show/11026313,CC BY 2.0 FR (Tatoeba),asserted metadata; original wording or source-page equality not independently checked,concern: public-release rights/attribution not completely demonstrated
km-259,m12-kanji,余,S2,km-259-2,decks/kotoba-mine/source/review/b3.json:340,tatoeba,余計,余計なことをして、すみません。,Sorry for doing something unnecessary.,"surplus, extra",必要な分をこえて残ること。,MCD P1/P2 surplus sense good; P3 文 whole 余裕 cloze reuses single-kanji definition and readings,"[[""余計"", ""よけい"", 1]]",[],1,1,True,no additional critical defect found in sampled language review,,concern,MCD P1/P2 surplus sense good; P3 文 whole 余裕 cloze reuses single-kanji definition and readings,Tatoeba,https://tatoeba.org/ja/sentences/show/74789,CC BY 2.0 FR (Tatoeba),asserted metadata; original wording or source-page equality not independently checked,concern: public-release rights/attribution not completely demonstrated
km-259,m12-kanji,余,P1,km-259-m01;km-259-m02,decks/kotoba-mine/source/mcd/s2.json:706,original,余って,パーティーのために多めに料理を作ったら、案の定たくさん余ってしまった。残ったからあげと煮物は小分けにして冷凍し、翌週の弁当のおかずに回した。,"I made extra food for the party, and sure enough a lot was left over. I froze the leftover fried chicken and simmered vegetables in small portions and used them in my lunch box the following week.","surplus, extra",必要な分をこえて残ること。,MCD P1/P2 surplus sense good; P3 文 whole 余裕 cloze reuses single-kanji definition and readings,"[[""余って"", ""あまって"", 1]]","[[""km-259-m02"", ""あま""]]",1,1,True,no additional critical defect found in sampled language review,,concern,MCD P1/P2 surplus sense good; P3 文 whole 余裕 cloze reuses single-kanji definition and readings,書き下ろし（このデッキ用）,,Bunki original,asserted metadata; original wording or source-page equality not independently checked,"original label, authorship provenance not independently verified"
km-259,m12-kanji,余,P2,km-259-m03,decks/kotoba-mine/source/mcd/s2.json:712,original,余る,十二個のりんごを五人で同じ数ずつ分けると、一人二個ずつで二個余る。娘はその二個をじっと見つめ、「じゃあ、これはお母さんとわたしの分ね」と言った。,"If you share twelve apples equally among five people, each gets two and two are left over. My daughter stared at those two and said, 'Then these are for you and me, Mum.'","surplus, extra",必要な分をこえて残ること。,MCD P1/P2 surplus sense good; P3 文 whole 余裕 cloze reuses single-kanji definition and readings,"[[""余る"", ""あまる"", 1]]",[],1,1,True,no additional critical defect found in sampled language review,,concern,MCD P1/P2 surplus sense good; P3 文 whole 余裕 cloze reuses single-kanji definition and readings,書き下ろし（このデッキ用）,,Bunki original,asserted metadata; original wording or source-page equality not independently checked,"original label, authorship provenance not independently verified"
km-259,m12-kanji,余,P3,km-259-m04,decks/kotoba-mine/source/mcd/s2.json:718,tatoeba,余裕,家を買いたいけど、買う余裕がない。,"I'd like to buy a house, but I can't afford it.","surplus, extra",必要な分をこえて残ること。,MCD P1/P2 surplus sense good; P3 文 whole 余裕 cloze reuses single-kanji definition and readings,"[[""余裕"", ""よゆう"", 1]]",[],1,1,True,no additional critical defect found in sampled language review,,concern,MCD P1/P2 surplus sense good; P3 文 whole 余裕 cloze reuses single-kanji definition and readings,Tatoeba,https://tatoeba.org/ja/sentences/show/11026313,CC BY 2.0 FR (Tatoeba),asserted metadata; original wording or source-page equality not independently checked,concern: public-release rights/attribution not completely demonstrated
km-261,m12-kanji,割,S1,km-261-1,decks/kotoba-mine/source/review/b1.json:366,tatoeba,割,あなたは年の割に若く見える。,You look young for your age.,divide; tenth,ものを分けること。また、十分の一。,P1 年の割に sense absent def divide/tenth; P2 fraction sense coherent; S2 stem 割っ,"[[""割"", ""わり"", 1]]",[],1,1,True,no additional critical defect found in sampled language review,,concern,P1 年の割に sense absent def divide/tenth; P2 fraction sense coherent; S2 stem 割っ,Tatoeba,https://tatoeba.org/ja/sentences/show/231686,CC BY 2.0 FR (Tatoeba),asserted metadata; original wording or source-page equality not independently checked,concern: public-release rights/attribution not completely demonstrated
km-261,m12-kanji,割,S2,km-261-2,decks/kotoba-mine/source/review/b1.json:370,tatoeba,割っ,誰が窓を割ったの？本当のことを言いなさい。,Who broke the window? Tell me the truth.,divide; tenth,ものを分けること。また、十分の一。,P1 年の割に sense absent def divide/tenth; P2 fraction sense coherent; S2 stem 割っ,"[[""割っ"", ""わっ"", 1]]",[],1,1,True,no additional critical defect found in sampled language review,,concern,P1 年の割に sense absent def divide/tenth; P2 fraction sense coherent; S2 stem 割っ,Tatoeba,https://tatoeba.org/ja/sentences/show/5845186,CC BY 2.0 FR (Tatoeba),asserted metadata; original wording or source-page equality not independently checked,concern: public-release rights/attribution not completely demonstrated
km-261,m12-kanji,割,P1,km-261-m01,decks/kotoba-mine/source/mcd/s4.json:682,original,割,祖母は今年で九十になるが、年の割に足腰がしっかりしていて、毎朝三十分の散歩を欠かさない。近所の人からは、いつも元気の秘訣を聞かれるのだそうだ。,"My grandmother turns ninety this year, but for her age her legs are strong, and she never misses her thirty-minute walk each morning. The neighbours are always asking her the secret of her energy, she says.",divide; tenth,ものを分けること。また、十分の一。,P1 年の割に sense absent def divide/tenth; P2 fraction sense coherent; S2 stem 割っ,"[[""割"", ""わり"", 1]]",[],1,1,True,no additional critical defect found in sampled language review,,concern,P1 年の割に sense absent def divide/tenth; P2 fraction sense coherent; S2 stem 割っ,書き下ろし（このデッキ用）,,Bunki original,asserted metadata; original wording or source-page equality not independently checked,"original label, authorship provenance not independently verified"
km-261,m12-kanji,割,P2,km-261-m02,decks/kotoba-mine/source/mcd/s4.json:688,original,割,駅前のスーパーでは、閉店の一時間前になると、売れ残った弁当や総菜がすべて三割引きになる。その時間帯を狙って、仕事帰りの客が次々にやって来て、店内は急に混み合う。,"At the supermarket in front of the station, an hour before closing, all the leftover boxed lunches and ready-made dishes go 30 percent off. Customers on their way home from work arrive one after another, timing it for then, and the store suddenly gets crowded.",divide; tenth,ものを分けること。また、十分の一。,P1 年の割に sense absent def divide/tenth; P2 fraction sense coherent; S2 stem 割っ,"[[""割"", ""わり"", 1]]",[],1,1,True,no additional critical defect found in sampled language review,,concern,P1 年の割に sense absent def divide/tenth; P2 fraction sense coherent; S2 stem 割っ,書き下ろし（このデッキ用）,,Bunki original,asserted metadata; original wording or source-page equality not independently checked,"original label, authorship provenance not independently verified"
km-282,m12-kanji,犯,S1,km-282-1,decks/kotoba-mine/source/review/a3.json:280,example-bank,犯罪,犯罪にはすべて罰が必要である。,Every crime calls for punishment.,crime,法や決まりを破ること。また、それをした人。,MCD kanji-in-compound deliberate; 文 entire 犯罪 highlighted but word/gloss still 犯; distinct subtarget type needed,"[[""犯罪"", ""はんざい"", 1]]",[],1,1,True,no additional critical defect found in sampled language review,,concern,MCD kanji-in-compound deliberate; 文 entire 犯罪 highlighted but word/gloss still 犯; distinct subtarget type needed,例文集（Tanaka/SNOW）,,CC BY 2.0 FR,asserted metadata; original wording or source-page equality not independently checked,concern: public-release rights/attribution not completely demonstrated
km-282,m12-kanji,犯,S2,km-282-2,decks/kotoba-mine/source/review/a3.json:284,example-bank,犯罪,犯罪が増加していることは紛れもない事実だ。,It is an undeniable fact that crime is on the increase.,crime,法や決まりを破ること。また、それをした人。,MCD kanji-in-compound deliberate; 文 entire 犯罪 highlighted but word/gloss still 犯; distinct subtarget type needed,"[[""犯罪"", ""はんざい"", 1]]",[],1,1,True,no additional critical defect found in sampled language review,,concern,MCD kanji-in-compound deliberate; 文 entire 犯罪 highlighted but word/gloss still 犯; distinct subtarget type needed,例文集（Tanaka/SNOW）,,CC BY 2.0 FR,asserted metadata; original wording or source-page equality not independently checked,concern: public-release rights/attribution not completely demonstrated
km-282,m12-kanji,犯,P1,km-282-m01,decks/kotoba-mine/source/mcd/s1.json:784,original,犯,警察は、一連の放火を、騒ぎを見て楽しむ愉快犯の仕業とみて捜査を進めている。いずれの現場でも、火が出たのは人通りの少ない深夜だった。住民の間では不安が広がり、夜回りを始めた地区もある。,"Police are investigating the series of arson attacks as the work of someone who commits crimes for the thrill of watching the commotion. At every scene, the fire broke out late at night when few people were about. Anxiety is spreading among residents, and some districts have started night patrols.",crime,法や決まりを破ること。また、それをした人。,MCD kanji-in-compound deliberate; 文 entire 犯罪 highlighted but word/gloss still 犯; distinct subtarget type needed,"[[""犯"", ""はん"", 1]]",[],1,1,True,no additional critical defect found in sampled language review,,concern,MCD kanji-in-compound deliberate; 文 entire 犯罪 highlighted but word/gloss still 犯; distinct subtarget type needed,書き下ろし（このデッキ用）,,Bunki original,asserted metadata; original wording or source-page equality not independently checked,"original label, authorship provenance not independently verified"
km-282,m12-kanji,犯,P2,km-282-m02,decks/kotoba-mine/source/mcd/s1.json:790,original,犯,逮捕された男は窃盗の前科三犯で、刑務所を出てわずか一か月後に、再び空き巣に入った疑いが持たれている。取り調べに対し、「仕事が見つからず、生活に困っていた」と話しているという。,"The arrested man has three previous convictions for theft and is suspected of burgling a house again just one month after leaving prison. Under questioning, he reportedly said, ""I couldn't find work and was struggling to get by.""",crime,法や決まりを破ること。また、それをした人。,MCD kanji-in-compound deliberate; 文 entire 犯罪 highlighted but word/gloss still 犯; distinct subtarget type needed,"[[""犯"", ""はん"", 1]]",[],1,1,True,no additional critical defect found in sampled language review,,concern,MCD kanji-in-compound deliberate; 文 entire 犯罪 highlighted but word/gloss still 犯; distinct subtarget type needed,書き下ろし（このデッキ用）,,Bunki original,asserted metadata; original wording or source-page equality not independently checked,"original label, authorship provenance not independently verified"
km-322,m12-kanji,纏,S1,km-322-1,decks/kotoba-mine/source/review/b3.json:414,tatoeba,纏っ,火事の時は、火の粉をかぶらないように何か纏ったほうがいい。,"In a fire, you should wrap yourself in something so sparks don't land on you.",wrap; cling to,身にまきつけること。また、つきまとうこと。,まとう/まつわる/まとめる target readings correct; definition lacks compile sense in S2; mixed lexical units,"[[""纏っ"", ""まとっ"", 1]]",[],1,1,True,no additional critical defect found in sampled language review,,concern,まとう/まつわる/まとめる target readings correct; definition lacks compile sense in S2; mixed lexical units,Tatoeba,https://tatoeba.org/ja/sentences/show/8210836,CC BY 2.0 FR (Tatoeba),asserted metadata; original wording or source-page equality not independently checked,concern: public-release rights/attribution not completely demonstrated
km-322,m12-kanji,纏,S2,km-322-2,decks/kotoba-mine/source/review/b3.json:418,example-bank,纏め,彼は日本の民話を教科書用に纏めた。,He compiled Japanese folk tales for use in textbooks.,wrap; cling to,身にまきつけること。また、つきまとうこと。,まとう/まつわる/まとめる target readings correct; definition lacks compile sense in S2; mixed lexical units,"[[""纏め"", ""まとめ"", 1]]",[],1,1,True,no additional critical defect found in sampled language review,,concern,まとう/まつわる/まとめる target readings correct; definition lacks compile sense in S2; mixed lexical units,例文集（Tanaka/SNOW）,,CC BY 2.0 FR,asserted metadata; original wording or source-page equality not independently checked,concern: public-release rights/attribution not completely demonstrated
km-322,m12-kanji,纏,P1,km-322-m01;km-322-m02,decks/kotoba-mine/source/mcd/s5.json:880,original,纏って,舞台に現れた歌手は、真っ白なドレスを身に纏っていた。照明を浴びて裾がきらめくたび、客席からため息がもれる。まるで月の光で仕立てたかのような衣装だった。,"The singer who appeared on stage was clad in a pure white dress. Every time the hem sparkled in the lights, sighs escaped from the audience. It was as if the costume had been tailored from moonlight.",wrap; cling to,身にまきつけること。また、つきまとうこと。,まとう/まつわる/まとめる target readings correct; definition lacks compile sense in S2; mixed lexical units,"[[""纏って"", ""まとって"", 1]]","[[""km-322-m02"", ""まと""]]",1,1,True,no additional critical defect found in sampled language review,,concern,まとう/まつわる/まとめる target readings correct; definition lacks compile sense in S2; mixed lexical units,書き下ろし（このデッキ用）,,Bunki original,asserted metadata; original wording or source-page equality not independently checked,"original label, authorship provenance not independently verified"
km-322,m12-kanji,纏,P2,km-322-m03,decks/kotoba-mine/source/mcd/s5.json:886,tatoeba,纏っ,火事の時は、火の粉をかぶらないように何か纏ったほうがいい。,"In a fire, you'd better wrap yourself in something so the sparks don't fall on you.",wrap; cling to,身にまきつけること。また、つきまとうこと。,まとう/まつわる/まとめる target readings correct; definition lacks compile sense in S2; mixed lexical units,"[[""纏っ"", ""まとっ"", 1]]",[],1,1,True,no additional critical defect found in sampled language review,,concern,まとう/まつわる/まとめる target readings correct; definition lacks compile sense in S2; mixed lexical units,Tatoeba,https://tatoeba.org/ja/sentences/show/8210836,CC BY 2.0 FR (Tatoeba),asserted metadata; original wording or source-page equality not independently checked,concern: public-release rights/attribution not completely demonstrated
km-322,m12-kanji,纏,P3,km-322-m04,decks/kotoba-mine/source/mcd/s5.json:890,original,纏わりついて,その古い屋敷には、昔から不思議な噂が纏わりついている。夜になると、誰もいないはずの二階から足音が聞こえるというのだ。そのせいか、何年も買い手がつかないまま空き家になっている。,"Strange rumors have long clung to that old mansion. They say that at night you can hear footsteps from the second floor, where no one should be. Perhaps because of that, it has stood empty for years without a buyer.",wrap; cling to,身にまきつけること。また、つきまとうこと。,まとう/まつわる/まとめる target readings correct; definition lacks compile sense in S2; mixed lexical units,"[[""纏わりついて"", ""まつわりついて"", 1]]",[],1,1,True,no additional critical defect found in sampled language review,,concern,まとう/まつわる/まとめる target readings correct; definition lacks compile sense in S2; mixed lexical units,書き下ろし（このデッキ用）,,Bunki original,asserted metadata; original wording or source-page equality not independently checked,"original label, authorship provenance not independently verified"
